n,M_total,omega,phase,Δω²
1,8.9894116998e-28,4.75821601803e+15,4.75821601803e+15,8.312965122427526e+30
2,1.42051059826e-27,3.78518883965e+15,8.54340485767e+15,2.16688731681854e+30
3,1.67362673306e-27,3.48722916296e+15,1.20306340206e+16,6.330512419368481e+29
4,1.76553492047e-27,3.39524903255e+15,1.54258830532e+16,3.0897669043567007e+28
5,1.77027979093e-27,3.39069584658e+15,1.88165788998e+16,2.197011168937965e+29
6,1.73708457035e-27,3.42294017489e+15,2.22395190746e+16,2.794822706869617e+29
7,1.69661405761e-27,3.46352446383e+15,2.57030435385e+16,2.2535467123979777e+29
8,1.66532948566e-27,3.49590565988e+15,2.91989491984e+16,1.194771392721988e+29
9,1.64920668467e-27,3.51295225161e+15,3.271190145e+16,1.4654965323440522e+28
10,1.64725054455e-27,3.51503748023e+15,3.62269389302e+16,5.587451981282607e+28
11,1.65473365202e-27,3.50708054763e+15,3.97340194778e+16,8.245213111326338e+28
12,1.66590124707e-27,3.4953056857e+15,4.32293251635e+16,7.29017241319367e+28
13,1.67590161531e-27,3.48486156287e+15,4.67141867264e+16,4.280168867132105e+28
14,1.68182911732e-27,3.47871505353e+15,5.01929017799e+16,7.935655211179494e+27
15,1.68293271768e-27,3.47757426498e+15,5.36704760449e+16,1.9754156292186194e+28
16,1.68018821541e-27,3.48041332671e+15,5.71508893716e+16,3.3758115986811805e+28
17,1.6755187641e-27,3.48525968053e+15,6.06361490522e+16,3.3141989603786616e+28
18,1.67095971498e-27,3.49001103585e+15,6.4126160088e+16,2.1564794101377294e+28
19,1.66800653807e-27,3.49309917186e+15,6.76192592599e+16,5.302722760333043e+27
20,1.6672819584e-27,3.49385811778e+15,7.11131173777e+16,9.222693901682797e+27
21,1.66854257947e-27,3.4925380246e+15,7.46056554023e+16,1.7554857018816508e+28
22,1.67094737293e-27,3.49002392489e+15,7.80956793271e+16,1.8234856845525217e+28
23,1.67345266857e-27,3.48741052064e+15,8.15830898478e+16,1.260634009910554e+28
24,1.67518905627e-27,3.48560264507e+15,8.50686924929e+16,3.7700132733440156e+27
25,1.67570903519e-27,3.4850618052e+15,8.85537542981e+16,4.7518417417127957e+27
26,1.67505369058e-27,3.48574348279e+15,9.20394977808e+16,1.0184549220542988e+28
27,1.67365082577e-27,3.487204063e+15,9.55267018438e+16,1.123181444010191e+28
28,1.6721064282e-27,3.48881412395e+15,9.90155159678e+16,8.249837799112238e+27
29,1.67097387292e-27,3.48999625061e+15,1.02505512218e+17,2.8837822332687717e+27
30,1.67057834296e-27,3.49040937592e+15,1.05995921594e+17,2.667220662463038e+27
31,1.67094416356e-27,3.49002727652e+15,1.09485948871e+17,6.473007795475433e+27
32,1.67183263052e-27,3.48909979551e+15,1.12975048666e+17,7.486358462944557e+27
33,1.67286136617e-27,3.48802680961e+15,1.16463075476e+17,5.763077849762541e+27
34,1.67365416057e-27,3.48720058883e+15,1.19950276065e+17,2.2769679922181577e+27
35,1.67396759747e-27,3.48687409849e+15,1.23437150163e+17,1.5389001020115725e+27
36,1.67375574673e-27,3.48709476195e+15,1.26924244925e+17,4.3316467656087755e+27
37,1.67315972385e-27,3.48771580345e+15,1.30411960729e+17,5.268136226508656e+27
38,1.67243541436e-27,3.48847096331e+15,1.33900431692e+17,4.250688363266085e+27
39,1.67185144948e-27,3.48908015818e+15,1.3738951185e+17,1.864484909567571e+27
40,1.67159543286e-27,3.48934733655e+15,1.40878859187e+17,9.004407956716972e+26
41,1.67171906462e-27,3.48921830706e+15,1.44368077494e+17,3.0367198651070964e+27
42,1.67213614531e-27,3.4887831223e+15,1.47856860616e+17,3.870319548324427e+27
43,1.67266801915e-27,3.48822839775e+15,1.51345089014e+17,3.254857157054695e+27
44,1.67311557584e-27,3.48776181781e+15,1.54832850832e+17,1.5603418693970164e+27
45,1.67333021442e-27,3.4875381225e+15,1.58320388954e+17,5.134148370475739e+26
46,1.67325958367e-27,3.48761172878e+15,1.61808000683e+17,2.2121231624025436e+27
47,1.6729553289e-27,3.48792885447e+15,1.65295929537e+17,2.986452786085116e+27
48,1.67254474855e-27,3.48835694083e+15,1.68784286478e+17,2.6504381411644305e+27
49,1.67218053256e-27,3.48873681793e+15,1.72273023296e+17,1.4002523129674427e+27
50,1.67198817774e-27,3.48893749401e+15,1.7576196079e+17,2.8981304960463432e+26
51,1.67202798617e-27,3.48889596062e+15,1.79250856751e+17,1.8373394567185427e+27
52,1.67228040542e-27,3.48863263824e+15,1.82739489389e+17,2.725311052333116e+27
53,1.67265495728e-27,3.48824201763e+15,1.86227731407e+17,2.641579728498446e+27
54,1.67301816173e-27,3.48786335653e+15,1.89715594763e+17,1.5728719880153198e+27
55,1.67323449896e-27,3.48763787137e+15,1.93203232635e+17,1.589684088274355e+26
56,1.67321263146e-27,3.48766066157e+15,1.96690893296e+17,1.9528269078927772e+27
57,1.67294404957e-27,3.48794061262e+15,2.00178833909e+17,3.110538679620398e+27
58,1.6725164199e-27,3.48838648315e+15,2.03667220392e+17,3.120822531256421e+27
59,1.67208759607e-27,3.48883377053e+15,2.07156054162e+17,1.9249516549439588e+27
60,1.67182320327e-27,3.48910963285e+15,2.10645163795e+17,3.164642023705559e+24
61,1.67182363787e-27,3.48910917934e+15,2.14134272975e+17,1.8541498872131716e+27
62,1.67207830467e-27,3.48884346388e+15,2.17623116439e+17,2.880204756822073e+27
63,1.67247405363e-27,3.48843066589e+15,2.21111547104e+17,2.977404032338325e+27
64,1.67288335504e-27,3.48800388571e+15,2.2459955099e+17,1.8065788506786005e+27
65,1.6731318017e-27,3.48774490579e+15,2.28087295896e+17,1.2143024358899092e+26
66,1.67314850383e-27,3.48772749761e+15,2.31575023394e+17,1.4630889294915592e+27
67,1.67294728534e-27,3.48793723948e+15,2.35062960633e+17,1.885556583561162e+27
68,1.67268803628e-27,3.48820752581e+15,2.38551168159e+17,1.9122667287713522e+27
69,1.67242519683e-27,3.48848161954e+15,2.42039649778e+17,1.3751790424572573e+27
70,1.67223623069e-27,3.48867871678e+15,2.45528328495e+17,1.4050000999602956e+26
71,1.6722169267e-27,3.48869885328e+15,2.49017027348e+17,8.77466806008339e+26
72,1.67233749348e-27,3.48857309255e+15,2.52505600441e+17,1.3461685926424178e+27
73,1.6725224952e-27,3.4883801475e+15,2.55993980588e+17,1.1726198159869837e+27
74,1.67268367976e-27,3.48821206834e+15,2.59482192657e+17,1.1496066063033558e+27
75,1.67284173116e-27,3.48804727994e+15,2.62970239937e+17,1.6358875412349727e+26
76,1.67286422426e-27,3.48802382995e+15,2.66458263767e+17,5.7964285217114536e+26
77,1.67278452733e-27,3.4881069194e+15,2.69946370686e+17,1.2468404763552933e+27
78,1.67261312102e-27,3.48828564221e+15,2.73434656328e+17,8.916382425451127e+26
79,1.6724905668e-27,3.48841344452e+15,2.76923069773e+17,1.0430936559149416e+27
80,1.67234721806e-27,3.48856294963e+15,2.80411632722e+17,2.183430615287748e+26
81,1.67231721505e-27,3.48859424362e+15,2.83900226966e+17,3.8877448457593725e+26
82,1.67237063818e-27,3.48853852238e+15,2.87388765488e+17,1.1824705049375548e+27
83,1.6725331474e-27,3.48836903891e+15,2.90877134527e+17,7.989688692673515e+26
84,1.67264296913e-27,3.48825451806e+15,2.94365389045e+17,8.79790026688744e+26
85,1.67276391676e-27,3.48812840829e+15,2.97853517454e+17,2.8661594264722533e+26
86,1.67280332257e-27,3.48808732356e+15,3.01341604777e+17,2.601252496651216e+26
87,1.67276755879e-27,3.48812461102e+15,3.04829729388e+17,1.0326887217871395e+27
88,1.67262559284e-27,3.4882726371e+15,3.08318002025e+17,8.209693670066884e+26
89,1.6725127496e-27,3.48839031075e+15,3.11806392336e+17,6.86385667291683e+26
90,1.67241841674e-27,3.48848869079e+15,3.15294881027e+17,3.461120739203155e+26
91,1.67237085314e-27,3.48853829818e+15,3.18783419325e+17,1.916177725096076e+26
92,1.67239718541e-27,3.48851083417e+15,3.22271930159e+17,8.197093745953424e+26
93,1.67250983988e-27,3.48839334518e+15,3.25760323504e+17,8.868474448912371e+26
94,1.67263173838e-27,3.48826622884e+15,3.29248589733e+17,5.249224201183571e+26
95,1.67270389811e-27,3.48819098687e+15,3.3273678072e+17,3.743811987113997e+26
96,1.67275536714e-27,3.48813732236e+15,3.36224918043e+17,1.6105200136225435e+26
97,1.67273322571e-27,3.48816040796e+15,3.39713078451e+17,5.973629368600829e+26
98,1.67265110537e-27,3.48824603413e+15,3.43201324485e+17,9.253487688557465e+26
99,1.67252391226e-27,3.48837866972e+15,3.46689703154e+17,4.380098612274856e+26
100,1.6724637127e-27,3.48844145045e+15,3.50178144605e+17,3.620105049727181e+26
101,1.67241396167e-27,3.48849333721e+15,3.53666637942e+17,1.4184861813591322e+26
102,1.67243345554e-27,3.48847300622e+15,3.57155110948e+17,4.171507874178472e+26
103,1.67249078609e-27,3.48841321582e+15,3.60643524164e+17,8.931629196884231e+26
104,1.67261354992e-27,3.48828519496e+15,3.64131809359e+17,4.321135247174288e+26
105,1.67267294972e-27,3.4882232566e+15,3.67620032616e+17,3.1562422532168394e+26
106,1.67271633916e-27,3.4881780149e+15,3.71108210631e+17,1.1575043291942099e+26
107,1.67270042647e-27,3.48819460668e+15,3.74596405237e+17,3.052121423687467e+26
108,1.67265846916e-27,3.48823835571e+15,3.78084643593e+17,7.85413624538288e+26
109,1.67255050854e-27,3.48835093416e+15,3.81572994527e+17,4.828995164338506e+26
110,1.67248413753e-27,3.48842014949e+15,3.85061414677e+17,2.5624368492039267e+26
111,1.67244892085e-27,3.48845687705e+15,3.88549871554e+17,7.872635696057132e+25
112,1.67245974039e-27,3.4884455932e+15,3.92038317147e+17,2.6027812939650314e+26
113,1.67249551202e-27,3.48840828725e+15,3.95526725434e+17,6.295545151009227e+26
114,1.67258204191e-27,3.48831805087e+15,3.99015043485e+17,5.485133161993973e+26
115,1.6726574403e-27,3.48823942853e+15,4.02503282913e+17,2.081486231668147e+26
116,1.67268605409e-27,3.48820959263e+15,4.05991492506e+17,3.7153067817803807e+25
117,1.67268094666e-27,3.48821491815e+15,4.09479707424e+17,2.5957972777392647e+26
118,1.6726452631e-27,3.48825212605e+15,4.1296795955e+17,4.677234286125177e+26
119,1.67258097056e-27,3.48831916807e+15,4.16456278718e+17,5.888708529364819e+26
120,1.67250003232e-27,3.48840357315e+15,4.19944682292e+17,1.8972031236761612e+26
121,1.6724739576e-27,3.48843076605e+15,4.23433113058e+17,1.1314175618533299e+24
122,1.67247411309e-27,3.48843060388e+15,4.26921543661e+17,2.7333264874311666e+26
123,1.67251167957e-27,3.48839142664e+15,4.30409935088e+17,3.389320208880719e+26
124,1.67255826429e-27,3.48834284631e+15,4.33898277934e+17,5.792856878306956e+26
125,1.67263789056e-27,3.48825981368e+15,4.37386537748e+17,2.055364614768317e+26
126,1.6726661446e-27,3.48823035238e+15,4.408747681e+17,2.2618847406208025e+25
127,1.67266925395e-27,3.48822711021e+15,4.44362995211e+17,2.7635012969298927e+26
128,1.67263126561e-27,3.48826672182e+15,4.47851261932e+17,2.648723005002109e+26
129,1.67259485668e-27,3.48830468779e+15,4.5133956662e+17,5.17843286906663e+26
130,1.67252367933e-27,3.48837891264e+15,4.54827945533e+17,2.461715180047426e+26
131,1.67248984528e-27,3.48841419697e+15,4.5831635973e+17,3.4104389452958546e+25
132,1.67248515805e-27,3.48841908521e+15,4.61804778815e+17,2.564548801477692e+26
133,1.67252040528e-27,3.48838232698e+15,4.65293161142e+17,2.4581139041070042e+26
134,1.67255419107e-27,3.48834709394e+15,4.68781508236e+17,4.222739524939481e+26
135,1.67261223412e-27,3.48828656704e+15,4.72269794803e+17,2.9233963849245176e+26
136,1.67265241959e-27,3.48824466375e+15,4.75758039467e+17,3.928346217164632e+25
137,1.6726578197e-27,3.48823903291e+15,4.792462785e+17,2.1467873665217215e+26
138,1.67262830924e-27,3.48826980457e+15,4.82734548304e+17,2.6398732916810493e+26
139,1.67259202208e-27,3.48830764366e+15,4.86222855948e+17,3.211340283358786e+26
140,1.67254788178e-27,3.48835367341e+15,4.89711209621e+17,3.2370021629715406e+26
141,1.67250339111e-27,3.48840007038e+15,4.93199609692e+17,4.6338646934899296e+25
142,1.67249702233e-27,3.48840671219e+15,4.96688016404e+17,1.6172191702834015e+26
143,1.67251924958e-27,3.48838353221e+15,5.00176399936e+17,2.934480171613581e+26
144,1.67255958293e-27,3.48834147121e+15,5.03664741407e+17,2.4180830577504304e+26
145,1.67259282006e-27,3.48830681154e+15,5.07153048219e+17,3.2630973956960174e+26
146,1.6726376742e-27,3.48826003929e+15,5.10641308258e+17,6.103142594698096e+25
147,1.67264606377e-27,3.48825129116e+15,5.14129559549e+17,1.106455746625062e+26
148,1.67263085415e-27,3.48826715087e+15,5.176178267e+17,3.103111032084796e+26
149,1.67258819945e-27,3.48831162985e+15,5.2110613833e+17,2.0090844454453507e+26
150,1.67256058416e-27,3.48834042711e+15,5.24594478757e+17,2.981090649162536e+26
151,1.67251961013e-27,3.4883831562e+15,5.28082861913e+17,8.384828615648206e+25
152,1.67250808585e-27,3.4883951744e+15,5.31571257088e+17,7.136550165834996e+25
153,1.67251789446e-27,3.48838494539e+15,5.35059642033e+17,3.010080710279098e+26
154,1.67255926688e-27,3.4883418008e+15,5.38547983834e+17,1.996795721468087e+26
155,1.6725867132e-27,3.48831317969e+15,5.42036297014e+17,2.4846705326408028e+26
156,1.67262086672e-27,3.4882775653e+15,5.45524574579e+17,1.0969914198284944e+26
157,1.67263594606e-27,3.48826184129e+15,5.4901283642e+17,4.71524884529503e+25
158,1.67262946441e-27,3.48826860002e+15,5.5250110502e+17,2.6470404305122075e+26
159,1.67259307868e-27,3.48830654185e+15,5.55989411562e+17,2.2557973173578188e+26
160,1.67256207216e-27,3.48833887541e+15,5.59477750438e+17,1.9425783222367987e+26
161,1.67253537184e-27,3.48836671918e+15,5.62966117157e+17,1.3064041811678884e+26
162,1.67251741607e-27,3.48838544429e+15,5.66454502601e+17,3.5152983259377052e+25
163,1.67252224761e-27,3.48838040571e+15,5.69942883007e+17,2.113793356146563e+26
164,1.67255130083e-27,3.48835010795e+15,5.73431233115e+17,2.5858163455242356e+26
165,1.67258684318e-27,3.48831304415e+15,5.76919546159e+17,1.5270622749945068e+26
166,1.67260783355e-27,3.48829115582e+15,5.80407837315e+17,1.3957542000236637e+26
167,1.67262701947e-27,3.48827114948e+15,5.83896108464e+17,2.9053179292687314e+25
168,1.67262302581e-27,3.48827531389e+15,5.87384383778e+17,1.557596108594484e+26
169,1.67260161535e-27,3.48829763998e+15,5.90872681418e+17,2.7930145661765425e+26
170,1.67256322442e-27,3.48833767382e+15,5.94361019092e+17,1.351472197821311e+26
171,1.67254464861e-27,3.48835704506e+15,5.97849376137e+17,1.338937848789441e+26
172,1.67252624549e-27,3.48837623653e+15,6.01337752373e+17,2.2794312766966787e+25
173,1.67252937844e-27,3.48837296935e+15,6.04826125343e+17,1.112486140282639e+26
174,1.67254466911e-27,3.48835702368e+15,6.08314482366e+17,2.7587638622411062e+26
175,1.6725825884e-27,3.488317481e+15,6.11802799847e+17,1.4310506803924964e+26
176,1.67260225891e-27,3.48829696889e+15,6.15291096816e+17,1.1665242704738146e+26
177,1.67261829372e-27,3.48828024831e+15,6.18779377065e+17,1.3190202443701524e+25
178,1.67261648061e-27,3.48828213896e+15,6.22267659204e+17,8.502262334588598e+25
179,1.67260479356e-27,3.48829432583e+15,6.25755953529e+17,2.4712048222002324e+26
180,1.67257082579e-27,3.48832974704e+15,6.29244283276e+17,1.6861835090018283e+26
181,1.67254764927e-27,3.48835391588e+15,6.32732637192e+17,9.561259986095107e+25
182,1.67253450765e-27,3.4883676204e+15,6.36221004813e+17,7.291963584568918e+23
183,1.67253460787e-27,3.48836751588e+15,6.39709372329e+17,7.673677947457367e+25
184,1.67254515506e-27,3.48835651691e+15,6.43197728845e+17,2.015423549259747e+26
185,1.67257285697e-27,3.48832762892e+15,6.46686056474e+17,1.9787458611731354e+26
186,1.67260005564e-27,3.48829926642e+15,6.50174355741e+17,7.98884458140708e+25
187,1.67261103688e-27,3.48828781548e+15,6.53662643556e+17,1.162013064547476e+25
188,1.67261263416e-27,3.48828614989e+15,6.57150929706e+17,8.000420572527739e+25
189,1.67260163698e-27,3.48829761743e+15,6.60639227324e+17,1.5280947170560428e+26
190,1.67258063258e-27,3.48831952051e+15,6.64127546844e+17,2.169123442289878e+26
191,1.67255081784e-27,3.48835061161e+15,6.67615897456e+17,7.63196889567221e+25
192,1.6725403279e-27,3.48836155082e+15,6.71104259007e+17,2.060914085378662e+25
193,1.67253749525e-27,3.4883645048e+15,6.74592623511e+17,8.607886673229413e+25
194,1.67254932654e-27,3.48835216678e+15,6.78080975678e+17,1.1414561137039507e+26
195,1.67256501576e-27,3.48833580578e+15,6.81569311484e+17,2.1674243987528627e+26
196,1.67259480766e-27,3.4883047389e+15,6.85057616223e+17,8.659315776110587e+25
197,1.67260671044e-27,3.48829232696e+15,6.8854590855e+17,2.474289931322232e+25
198,1.67261011154e-27,3.48828878039e+15,6.9203419733e+17,8.753088943886908e+25
199,1.67259807981e-27,3.48830132676e+15,6.95522498657e+17,9.347715883152051e+25
200,1.67258523092e-27,3.4883147254e+15,6.99010813382e+17,1.9632664275060692e+26
201,1.6725582455e-27,3.4883428659e+15,7.02499156248e+17,1.0671116458599743e+26
202,1.67254357824e-27,3.48835816126e+15,7.05987514409e+17,2.5182446151690464e+25
203,1.672540117e-27,3.48836177076e+15,7.0947587618e+17,8.084590258361156e+25
204,1.67255122905e-27,3.48835018279e+15,7.12964226363e+17,9.135279308453484e+25
205,1.67256378543e-27,3.48833708879e+15,7.16452563452e+17,1.6222186219208895e+26
206,1.67258608318e-27,3.48831383668e+15,7.19940877289e+17,1.2861238486183958e+26
207,1.67260376165e-27,3.48829540188e+15,7.2342917269e+17,2.511247579758545e+25
208,1.67260721354e-27,3.48829180234e+15,7.26917464493e+17,6.680654599411276e+25
209,1.67259803053e-27,3.48830137815e+15,7.30405765871e+17,1.0173089155084563e+26
210,1.67258404713e-27,3.48831595985e+15,7.33894081831e+17,1.2550458100645128e+26
211,1.67256679624e-27,3.48833394908e+15,7.3738241578e+17,1.4355359899957097e+26
212,1.67254706492e-27,3.48835452526e+15,7.40870770305e+17,2.8082281371580695e+25
213,1.67254320508e-27,3.48835855041e+15,7.44359128855e+17,4.9235853291536685e+25
214,1.67254997243e-27,3.48835149323e+15,7.47847480349e+17,1.1519938369068062e+26
215,1.67256580651e-27,3.48833498118e+15,7.5133581533e+17,9.724370539135711e+25
216,1.67257917283e-27,3.48832104274e+15,7.54824136373e+17,1.4550722174403289e+26
217,1.67259917345e-27,3.48830018634e+15,7.58312436559e+17,3.609222114794245e+25
218,1.67260413456e-27,3.48829501301e+15,7.61800731572e+17,3.2637897106166916e+25
219,1.67259964827e-27,3.48829969121e+15,7.65289031263e+17,1.2286915379199325e+26
220,1.67258275931e-27,3.48831730278e+15,7.68777348566e+17,8.440497885548132e+25
221,1.67257115764e-27,3.48832940099e+15,7.72265677967e+17,1.3354692095202881e+26
222,1.67255280161e-27,3.4883485429e+15,7.7575402651e+17,4.848584601771166e+25
223,1.67254613732e-27,3.48835549258e+15,7.79242382002e+17,2.0165752755943958e+25
224,1.67254890906e-27,3.48835260214e+15,7.82730734605e+17,1.1961333469260792e+26
225,1.67256534982e-27,3.48833545742e+15,7.86219070062e+17,8.766699417191324e+25
226,1.67257739979e-27,3.48832289167e+15,7.89707392954e+17,1.119843361859517e+26
227,1.67259279247e-27,3.48830684031e+15,7.93195699794e+17,6.206380227618358e+25
228,1.6726013235e-27,3.48829794432e+15,7.96683997738e+17,1.2520936421915645e+25
229,1.67259960241e-27,3.48829973903e+15,8.00172297477e+17,1.0529970144047364e+26
230,1.67258512844e-27,3.48831483227e+15,8.0366061231e+17,1.0177761060699482e+26
231,1.67257113883e-27,3.4883294206e+15,8.0714894173e+17,8.85870933977119e+25
232,1.67255896249e-27,3.48834211822e+15,8.10637283848e+17,7.249674825875708e+25
233,1.6725489979e-27,3.48835250949e+15,8.14125636358e+17,8.232517447274675e+24
234,1.67255012945e-27,3.48835132949e+15,8.17613987687e+17,8.408797180105272e+25
235,1.67256168726e-27,3.48833927679e+15,8.21102326964e+17,1.1810124195412385e+26
236,1.67257792043e-27,3.48832234874e+15,8.24590649313e+17,7.140861539940396e+25
237,1.67258773579e-27,3.48831211335e+15,8.28078961426e+17,7.623635664811144e+25
238,1.67259821487e-27,3.48830118593e+15,8.31567262612e+17,4.848694556293547e+24
239,1.67259754839e-27,3.48830188092e+15,8.35055564493e+17,6.209807639725478e+25
240,1.67258901268e-27,3.48831078182e+15,8.38543875275e+17,1.2815367119817404e+26
241,1.67257139757e-27,3.48832915078e+15,8.42032204426e+17,6.572927281594009e+25
242,1.67256236303e-27,3.48833857208e+15,8.45520542998e+17,7.222502980231471e+25
243,1.67255243575e-27,3.48834892442e+15,8.49008891922e+17,4.0081384857674136e+23
244,1.67255249084e-27,3.48834886697e+15,8.52497240789e+17,4.4821224310136405e+25
245,1.67255865147e-27,3.48834244255e+15,8.55985583232e+17,1.2674692622119781e+26
246,1.67257607296e-27,3.48832427529e+15,8.59473907507e+17,7.214973401318311e+25
247,1.67258599017e-27,3.48831393367e+15,8.62962221441e+17,6.244867765537001e+25
248,1.67259457403e-27,3.48830498253e+15,8.66450526423e+17,5.634009191501852e+24
249,1.67259534845e-27,3.48830417497e+15,8.69938830598e+17,3.5102583500895974e+25
250,1.67259052342e-27,3.48830920644e+15,8.73427139805e+17,1.1353693176646158e+26
251,1.67257491738e-27,3.48832548032e+15,8.76915465285e+17,8.662814663688634e+25
252,1.67256301024e-27,3.48833789716e+15,8.80403803182e+17,5.126227432236649e+25
253,1.67255596426e-27,3.48834524482e+15,8.83892148427e+17,1.2252472358067213e+25
254,1.67255428017e-27,3.48834700102e+15,8.87380495428e+17,3.2559405063586484e+25
255,1.67255875543e-27,3.48834233414e+15,8.90868837762e+17,9.26403203879411e+25
256,1.6725714889e-27,3.48832905555e+15,8.94357166818e+17,1.0226075177671851e+26
257,1.67258554492e-27,3.48831439797e+15,8.97845481216e+17,4.359908691336243e+25
258,1.67259153781e-27,3.48830814865e+15,9.01333789364e+17,1.7673896269534253e+25
259,1.67259396717e-27,3.48830561535e+15,9.0482209498e+17,3.4300304500667804e+25
260,1.67258925243e-27,3.48831053182e+15,9.08310405511e+17,7.056926247536111e+25
261,1.67257955242e-27,3.48832064691e+15,9.11798726158e+17,1.1209108981908183e+26
262,1.67256414531e-27,3.4883367135e+15,9.15287062872e+17,4.297533387649051e+25
263,1.67255823836e-27,3.48834287335e+15,9.18775405745e+17,2.047274186621032e+25
264,1.6725554244e-27,3.4883458078e+15,9.22263751553e+17,3.655251294314911e+25
265,1.67256044852e-27,3.48834056856e+15,9.25752092122e+17,5.355637925962159e+25
266,1.67256780986e-27,3.48833289207e+15,9.29240425014e+17,1.117425858315528e+26
267,1.67258316913e-27,3.48831687542e+15,9.32728741889e+17,5.000962101214554e+25
268,1.67259004316e-27,3.48830970725e+15,9.36217051596e+17,2.046903588020238e+25
269,1.67259285673e-27,3.4883067733e+15,9.3970535837e+17,3.63076566190432e+25
270,1.67258786607e-27,3.48831197749e+15,9.43193670347e+17,4.5242218224495405e+25
271,1.67258164736e-27,3.48831846232e+15,9.46681988809e+17,1.0092637530456548e+26
272,1.67256777481e-27,3.48833292862e+15,9.50170321738e+17,6.217857211476973e+25
273,1.67255922835e-27,3.48834184097e+15,9.53658663579e+17,1.8960447776140321e+25
274,1.67255662225e-27,3.48834455866e+15,9.57147008138e+17,3.2388335754554863e+25
275,1.67256107401e-27,3.48833991629e+15,9.60635348054e+17,4.565921700704765e+25
276,1.67256734988e-27,3.48833337174e+15,9.64123681426e+17,8.327471252586151e+25
277,1.67257879615e-27,3.48832143554e+15,9.67612002861e+17,7.481308961823586e+25
278,1.67258907948e-27,3.48831071216e+15,9.71100313573e+17,1.8145945241128613e+25
279,1.67259157373e-27,3.4883081112e+15,9.74588621685e+17,2.5517397188448013e+25
280,1.67258806624e-27,3.48831176876e+15,9.78076933453e+17,5.166354055119635e+25
281,1.6725809649e-27,3.48831917398e+15,9.81565252627e+17,6.4701227263462235e+25
282,1.67257207155e-27,3.48832844795e+15,9.85053581075e+17,8.300102624928566e+25
283,1.672560663e-27,3.4883403449e+15,9.8854192142e+17,2.007291943713114e+25
284,1.67255790399e-27,3.48834322204e+15,9.92030264642e+17,1.7598643976265137e+25
285,1.67256032291e-27,3.48834069955e+15,9.95518605342e+17,5.854834996574824e+25
286,1.67256837041e-27,3.48833230753e+15,9.99006937649e+17,5.100927384953212e+25
287,1.67257538172e-27,3.48832499611e+15,1.00249526265e+18,8.352224454804883e+25
288,1.67258686212e-27,3.48831302441e+15,1.00598357567e+18,2.557788007516441e+25
289,1.67259037791e-27,3.48830935818e+15,1.00947188503e+18,1.0590027591612012e+25
290,1.67258892226e-27,3.48831087611e+15,1.0129601959e+18,6.20085356467372e+25
291,1.67258039895e-27,3.48831976414e+15,1.01644851567e+18,4.5714499282502704e+25
292,1.67257411538e-27,3.48832631665e+15,1.01993684198e+18,7.612335486085806e+25
293,1.67256365214e-27,3.48833722779e+15,1.02342517921e+18,3.3779099591308072e+25
294,1.6725590092e-27,3.4883420695e+15,1.02691352128e+18,5.589115931832882e+24
295,1.67255977742e-27,3.48834126839e+15,1.03040186255e+18,5.972342676881643e+25
296,1.67256798643e-27,3.48833270795e+15,1.03389019526e+18,4.891158190442582e+25
297,1.6725747094e-27,3.4883256972e+15,1.03737852096e+18,6.354659534687271e+25
298,1.67258344406e-27,3.48831658872e+15,1.04086683754e+18,4.233523811496047e+25
299,1.67258926321e-27,3.48831052057e+15,1.04435514807e+18,2.473996618100043e+24
300,1.67258892315e-27,3.48831087518e+15,1.04784345894e+18,5.192376630791724e+25
301,1.67258178603e-27,3.48831831771e+15,1.05133177726e+18,5.752156271110503e+25
302,1.67257387954e-27,3.48832656259e+15,1.05482010382e+18,5.041066603687318e+25
303,1.67256695052e-27,3.4883337882e+15,1.05830843761e+18,4.842265952492017e+25
304,1.67256029481e-27,3.48834072885e+15,1.06179677834e+18,2.1363243006224093e+23
305,1.67256032417e-27,3.48834069823e+15,1.06528511904e+18,4.093303148332096e+25
306,1.67256595043e-27,3.48833483111e+15,1.06877345387e+18,6.6732162984797174e+25
307,1.67257512286e-27,3.48832526605e+15,1.07226177913e+18,4.135527005540774e+25
308,1.67258080725e-27,3.48831933837e+15,1.07575009847e+18,4.995145886076328e+25
309,1.67258767326e-27,3.48831217855e+15,1.07923841065e+18,2.4096857033911472e+24
310,1.67258800449e-27,3.48831183315e+15,1.08272672248e+18,2.992732239458353e+25
311,1.67258389086e-27,3.48831612281e+15,1.08621503861e+18,7.1959653979730244e+25
312,1.6725739998e-27,3.48832643718e+15,1.08970336504e+18,3.925731973358913e+25
313,1.67256860382e-27,3.48833206413e+15,1.09319169711e+18,4.6543440355130935e+25
314,1.67256220639e-27,3.48833873542e+15,1.09668003584e+18,6.06284246068552e+24
315,1.67256137306e-27,3.48833960444e+15,1.10016837545e+18,2.158440882301404e+25
316,1.67256433984e-27,3.48833651064e+15,1.10365671196e+18,7.0560870852372055e+25
317,1.67257403852e-27,3.4883263968e+15,1.10714503835e+18,4.4182638055670425e+25
318,1.67258011153e-27,3.48832006387e+15,1.11063335842e+18,3.976710228508383e+25
319,1.67258557766e-27,3.48831436383e+15,1.11412167278e+18,1.0488364096743446e+25
320,1.67258701932e-27,3.48831286047e+15,1.11760998564e+18,1.7113652979059453e+25
321,1.67258466698e-27,3.48831531347e+15,1.12109830096e+18,6.263080427987962e+25
322,1.67257605819e-27,3.48832429068e+15,1.12458662525e+18,5.348353716222019e+25
323,1.67256870678e-27,3.48833195675e+15,1.1280749572e+18,3.257587403764895e+25
324,1.6725642292e-27,3.48833662601e+15,1.13156329383e+18,1.4665324392812682e+25
325,1.67256221345e-27,3.48833872806e+15,1.13505163256e+18,1.6051942200136794e+25
326,1.6725644198e-27,3.48833642726e+15,1.13853996898e+18,5.070220554915915e+25
327,1.67257138887e-27,3.48832915987e+15,1.14202829814e+18,6.293549619369641e+25
328,1.67258003949e-27,3.48832013899e+15,1.14551661828e+18,2.811557728969634e+25
329,1.67258390407e-27,3.48831610903e+15,1.14900493439e+18,1.739097869871188e+25
330,1.67258629453e-27,3.48831361628e+15,1.15249324801e+18,1.6753814740398341e+25
331,1.67258399165e-27,3.4883160177e+15,1.15598156403e+18,3.8525351831539453e+25
332,1.67257869622e-27,3.48832153975e+15,1.15946988557e+18,6.843871674456068e+25
333,1.67256928918e-27,3.48833134943e+15,1.16295821692e+18,2.8449740854407697e+25
334,1.67256537874e-27,3.48833542727e+15,1.16644655234e+18,1.798566197413358e+25
335,1.6725629066e-27,3.48833800524e+15,1.16993489035e+18,1.7297649669609241e+25
336,1.67256528417e-27,3.48833552588e+15,1.17342322587e+18,2.9533507964939353e+25
337,1.67256934358e-27,3.4883312927e+15,1.17691155717e+18,6.757962995472894e+25
338,1.67257863253e-27,3.48832160616e+15,1.18039987877e+18,3.3694382770797835e+25
339,1.67258326393e-27,3.48831677656e+15,1.18388819555e+18,1.673858081862668e+25
340,1.67258556471e-27,3.48831437732e+15,1.18737650993e+18,1.6336550341892463e+25
341,1.67258331919e-27,3.48831671893e+15,1.19086482665e+18,2.557535702506084e+25
342,1.67257980378e-27,3.48832038479e+15,1.19435314703e+18,6.0463001837700295e+25
343,1.672571493e-27,3.48832905127e+15,1.19784147608e+18,4.1960037323469506e+25
344,1.67256572555e-27,3.48833506561e+15,1.20132981115e+18,1.4882988779429564e+25
345,1.67256367987e-27,3.48833719886e+15,1.20481814835e+18,1.356083135674807e+25
346,1.67256554381e-27,3.48833525513e+15,1.2083064836e+18,2.6413910414071004e+25
347,1.67256917443e-27,3.48833146909e+15,1.21179481507e+18,4.952564826694678e+25
348,1.67257598182e-27,3.48832437032e+15,1.21528313944e+18,5.009454236841391e+25
349,1.67258286746e-27,3.48831719e+15,1.21877145663e+18,1.4074114403780638e+25
350,1.672584802e-27,3.48831517268e+15,1.2222597718e+18,9.607950341413663e+24
351,1.67258348135e-27,3.48831654984e+15,1.22574808835e+18,3.006958208904234e+25
352,1.67257934819e-27,3.48832085988e+15,1.22923640921e+18,3.8463739189941116e+25
353,1.67257406125e-27,3.48832637309e+15,1.23272473559e+18,5.495077651999972e+25
354,1.67256650819e-27,3.48833424946e+15,1.23621306984e+18,1.5629320707588087e+25
355,1.67256435993e-27,3.48833648969e+15,1.23970140633e+18,5.564218716052196e+24
356,1.67256512474e-27,3.48833569214e+15,1.24318974202e+18,3.380572290068657e+25
357,1.67256977136e-27,3.4883308466e+15,1.24667807286e+18,3.0749168517420358e+25
358,1.67257399789e-27,3.48832643917e+15,1.2501663993e+18,5.462890427243054e+25
359,1.67258150678e-27,3.48831860891e+15,1.25365471791e+18,1.9863839896947866e+25
360,1.67258423713e-27,3.48831576172e+15,1.25714303367e+18,2.330529679495072e+24
361,1.67258391679e-27,3.48831609577e+15,1.26063134977e+18,3.526954784260487e+25
362,1.67257906888e-27,3.48832115115e+15,1.26411967092e+18,2.832711041546206e+25
363,1.67257517524e-27,3.48832521142e+15,1.26760799613e+18,4.922311835134447e+25
364,1.67256840944e-27,3.48833226682e+15,1.2710963284e+18,2.586043359410385e+25
365,1.67256485491e-27,3.48833597353e+15,1.27458466437e+18,1.85227746338037e+23
366,1.67256488037e-27,3.48833594698e+15,1.27807300032e+18,3.334775340660904e+25
367,1.67256946404e-27,3.48833116708e+15,1.28156133149e+18,3.0996934516454657e+25
368,1.67257372462e-27,3.48832672413e+15,1.28504965821e+18,4.075018896282372e+25
369,1.67257932584e-27,3.48832088319e+15,1.28853797909e+18,3.1778344567105875e+25
370,1.67258369387e-27,3.48831632822e+15,1.29202629542e+18,1.27569756021709e+24
371,1.67258386922e-27,3.48831614537e+15,1.29551461157e+18,2.8405980724611468e+25
372,1.67257996473e-27,3.48832021696e+15,1.29900293178e+18,3.665595591494453e+25
373,1.67257492627e-27,3.48832547105e+15,1.30249125726e+18,3.2330729977334146e+25
374,1.67257048235e-27,3.48833010518e+15,1.30597958736e+18,3.5606941971508407e+25
375,1.67256558814e-27,3.4883352089e+15,1.30946792257e+18,2.824458419312184e+24
376,1.67256519992e-27,3.48833561374e+15,1.31295625818e+18,2.1926186585945667e+25
377,1.67256821369e-27,3.48833247096e+15,1.31644459065e+18,4.225807796629131e+25
378,1.67257402213e-27,3.48832641389e+15,1.31993291707e+18,2.6945654623014995e+25
379,1.67257772587e-27,3.48832255163e+15,1.32342123962e+18,3.601969683221779e+25
380,1.67258267689e-27,3.48831738873e+15,1.32690955701e+18,5.106822044989582e+24
381,1.67258337884e-27,3.48831665674e+15,1.33039787367e+18,1.573878726272572e+25
382,1.67258121549e-27,3.48831891267e+15,1.33388619258e+18,4.504826006951009e+25
383,1.67257502348e-27,3.48832536968e+15,1.33737451795e+18,2.6288394279280947e+25
384,1.67257141009e-27,3.48832913773e+15,1.34086284709e+18,3.2984759847497167e+25
385,1.6725668763e-27,3.4883338656e+15,1.34435118095e+18,8.235207625913882e+24
386,1.67256574436e-27,3.48833504599e+15,1.347839516e+18,1.1244220373297701e+25
387,1.67256728989e-27,3.4883334343e+15,1.35132784943e+18,4.358624046493279e+25
388,1.67257328088e-27,3.48832718687e+15,1.35481617662e+18,3.0153046268517048e+25
389,1.67257742548e-27,3.48832286487e+15,1.35830449948e+18,2.7830636029363598e+25
390,1.67258125089e-27,3.48831887575e+15,1.36179281836e+18,1.1678379302508613e+25
391,1.67258285612e-27,3.48831720183e+15,1.36528113556e+18,8.922190258237002e+24
392,1.67258162973e-27,3.48831848069e+15,1.36876945404e+18,3.8164201908669923e+25
393,1.67257638395e-27,3.48832395098e+15,1.37225777799e+18,3.6588705879912686e+25
394,1.67257135476e-27,3.48832919543e+15,1.37574610719e+18,2.275315892977017e+25
395,1.67256822731e-27,3.48833245675e+15,1.37923443964e+18,1.4509392330883064e+25
396,1.67256623298e-27,3.48833453645e+15,1.38272277418e+18,8.310486573412681e+24
397,1.67256737527e-27,3.48833334527e+15,1.38621110753e+18,3.052996012427369e+25
398,1.67257157165e-27,3.48832896926e+15,1.3896994365e+18,4.272461556206918e+25
399,1.67257744424e-27,3.48832284532e+15,1.39318775934e+18,1.993531845189015e+25
400,1.6725801844e-27,3.48831998788e+15,1.39667607933e+18,1.5880742119561692e+25
401,1.67258236726e-27,3.4883177116e+15,1.40016439704e+18,8.379540862321009e+24
402,1.67258121547e-27,3.48831891269e+15,1.40365271595e+18,2.3066751343382494e+25
403,1.67257804487e-27,3.48832221897e+15,1.40714103817e+18,4.591830146966204e+25
404,1.6725717333e-27,3.48832880068e+15,1.41062936697e+18,2.0664490342268605e+25
405,1.67256889294e-27,3.48833176263e+15,1.41411769874e+18,1.5499774353465574e+25
406,1.67256676248e-27,3.48833398429e+15,1.41760603272e+18,8.093797652901347e+24
407,1.67256787498e-27,3.48833282417e+15,1.42109436554e+18,1.7823443949882945e+25
408,1.67257032483e-27,3.48833026944e+15,1.42458269581e+18,4.475974073305134e+25
409,1.67257647715e-27,3.4883238538e+15,1.42807101967e+18,2.4796472073945817e+25
410,1.67257988549e-27,3.48832029958e+15,1.43155933997e+18,1.3851626727878531e+25
411,1.67258178944e-27,3.48831831415e+15,1.43504765828e+18,6.875585940249888e+24
412,1.67258084437e-27,3.48831929967e+15,1.43853597758e+18,1.5769148134154777e+25
413,1.67257867685e-27,3.48832155995e+15,1.44202429914e+18,3.954687609016064e+25
414,1.67257324104e-27,3.48832722841e+15,1.44551262637e+18,3.0804526534522196e+25
415,1.67256900691e-27,3.48833164378e+15,1.44900095801e+18,1.2059790327806464e+25
416,1.67256734928e-27,3.48833337237e+15,1.45248929139e+18,4.7833884309160455e+24
417,1.67256800676e-27,3.48833268674e+15,1.45597762407e+18,1.6558304263363836e+25
418,1.67257028272e-27,3.48833031336e+15,1.45946595439e+18,3.2076146789527394e+25
419,1.67257469164e-27,3.48832571572e+15,1.4629542801e+18,3.6381577746182015e+25
420,1.67257969238e-27,3.48832050095e+15,1.4664426006e+18,1.1418043831454324e+25
421,1.67258126183e-27,3.48831886434e+15,1.46993091947e+18,2.3536452573923586e+24
422,1.67258093831e-27,3.4883192017e+15,1.47341923867e+18,1.8828241898547471e+25
423,1.67257835032e-27,3.48832190046e+15,1.47690756057e+18,2.4864098137096685e+25
424,1.67257493268e-27,3.48832546436e+15,1.48039588603e+18,3.9361903191560704e+25
425,1.67256952232e-27,3.48833110631e+15,1.48388421714e+18,1.2810583560835339e+25
426,1.67256776149e-27,3.48833294251e+15,1.48737255008e+18,2.305661611857402e+23
427,1.67256779318e-27,3.48833290946e+15,1.49086088299e+18,2.0863817503672124e+25
428,1.67257066094e-27,3.48832991895e+15,1.49434921291e+18,2.014346398918328e+25
429,1.6725734297e-27,3.48832703168e+15,1.49783753994e+18,3.857407461214525e+25
430,1.67257873179e-27,3.48832150265e+15,1.50132586144e+18,1.6272375611227055e+25
431,1.67258096848e-27,3.48831917025e+15,1.50481418061e+18,1.2146568291679616e+24
432,1.67258113544e-27,3.48831899614e+15,1.50830249961e+18,2.130931345537389e+25
433,1.67257820641e-27,3.48832205052e+15,1.51179082166e+18,1.9031746953419004e+25
434,1.67257559045e-27,3.48832477844e+15,1.51527914644e+18,3.429505226993618e+25
435,1.67257087653e-27,3.48832969413e+15,1.51876747613e+18,2.090890744975179e+25
436,1.67256800257e-27,3.48833269111e+15,1.52225580882e+18,2.078833337962519e+24
437,1.67256771684e-27,3.48833298908e+15,1.52574414181e+18,1.9648696710025694e+25
438,1.67257041757e-27,3.48833017273e+15,1.52923247199e+18,2.1191803771613267e+25
439,1.67257333042e-27,3.4883271352e+15,1.53272079912e+18,2.8117453641640203e+25
440,1.67257719523e-27,3.48832310498e+15,1.53620912223e+18,2.521775762547702e+25
441,1.67258066148e-27,3.48831949038e+15,1.53969744172e+18,2.8498071927336923e+24
442,1.67258105319e-27,3.48831908191e+15,1.5431857608e+18,1.6276308563438897e+25
443,1.67257881597e-27,3.48832141488e+15,1.54667408221e+18,2.5074725864457873e+25
444,1.67257536938e-27,3.48832500897e+15,1.55016240722e+18,2.2303928087943715e+25
445,1.67257230366e-27,3.48832820591e+15,1.55365073543e+18,2.769908802016882e+25
446,1.67256849638e-27,3.48833217616e+15,1.55713906761e+18,4.110459262624575e+24
447,1.6725679314e-27,3.48833276533e+15,1.56062740037e+18,1.2195703438283834e+25
448,1.67256960771e-27,3.48833101726e+15,1.56411573139e+18,2.8613957200099204e+25
449,1.67257354075e-27,3.48832691588e+15,1.5676040583e+18,1.8890093280567523e+25
450,1.67257613723e-27,3.48832420826e+15,1.57109238251e+18,2.7486734493957508e+25
451,1.67257991536e-27,3.48832026844e+15,1.57458070278e+18,6.183453800710825e+24
452,1.67258076529e-27,3.48831938213e+15,1.57806902216e+18,8.507987938192275e+24
453,1.67257959584e-27,3.48832060163e+15,1.58155734276e+18,3.005742129126071e+25
454,1.67257546437e-27,3.48832490992e+15,1.58504566767e+18,1.8903657337831857e+25
455,1.67257286602e-27,3.48832761948e+15,1.58853399529e+18,2.474289598016163e+25
456,1.67256946507e-27,3.488331166e+15,1.59202232646e+18,8.906611355263878e+24
457,1.67256824085e-27,3.48833244263e+15,1.5955106589e+18,5.944634200060546e+24
458,1.67256905795e-27,3.48833159056e+15,1.59899899049e+18,2.8609950556597605e+25
459,1.67257299043e-27,3.48832748975e+15,1.60248731798e+18,2.200208526603029e+25
460,1.67257601466e-27,3.48832433608e+15,1.60597564232e+18,2.0626781113403133e+25
461,1.67257884987e-27,3.48832137953e+15,1.6094639637e+18,1.165689871695727e+25
462,1.67258045214e-27,3.48831970868e+15,1.61295228341e+18,4.628004991027859e+24
463,1.67257981601e-27,3.48832037204e+15,1.61644060378e+18,2.4641551849622443e+25
464,1.67257642896e-27,3.48832390404e+15,1.61992892768e+18,2.6659163998817404e+25
465,1.6725727646e-27,3.48832772524e+15,1.62341725541e+18,1.6854063578800984e+25
466,1.67257044798e-27,3.48833014102e+15,1.62690558555e+18,1.3625383705992065e+25
467,1.67256857516e-27,3.48833209402e+15,1.63039391764e+18,4.139250135402636e+24
468,1.6725691441e-27,3.48833150072e+15,1.63388224914e+18,1.9430133255356177e+25
469,1.6725718148e-27,3.4883287157e+15,1.63737057786e+18,3.080500847599677e+25
470,1.67257604901e-27,3.48832430026e+15,1.64085890216e+18,1.5011548128559996e+25
471,1.67257811239e-27,3.48832214857e+15,1.64434722431e+18,1.421073987097619e+25
472,1.67258006569e-27,3.48832011167e+15,1.64783554442e+18,3.814847847704874e+24
473,1.67257954133e-27,3.48832065847e+15,1.65132386508e+18,1.457205118952483e+25
474,1.67257753836e-27,3.48832274716e+15,1.65481218783e+18,3.2649138834677748e+25
475,1.67257305067e-27,3.48832742693e+15,1.65830051525e+18,1.5918023716645668e+25
476,1.67257086271e-27,3.48832970855e+15,1.66178884496e+18,1.3349711175404995e+25
477,1.67256902777e-27,3.48833162203e+15,1.66527717658e+18,3.1098710382714837e+24
478,1.67256945523e-27,3.48833117627e+15,1.66876550776e+18,1.1336938504360093e+25
479,1.6725710135e-27,3.48832955129e+15,1.67225383731e+18,3.1355742549165065e+25
480,1.67257532341e-27,3.48832505691e+15,1.67574216237e+18,1.9286966678455012e+25
481,1.67257797445e-27,3.48832229241e+15,1.67923048466e+18,1.161116602426207e+25
482,1.67257957044e-27,3.48832062812e+15,1.68271880529e+18,1.846176770443592e+24
483,1.67257931668e-27,3.48832089274e+15,1.68620712618e+18,1.0217371160635537e+25
484,1.67257791227e-27,3.48832235725e+15,1.68969544854e+18,2.731214229230143e+25
485,1.67257415815e-27,3.48832627205e+15,1.69318377481e+18,2.3837271477515243e+25
486,1.67257088168e-27,3.48832968876e+15,1.6966721045e+18,1.0002506625610746e+25
487,1.67256950682e-27,3.48833112247e+15,1.70016043562e+18,2.427897751462767e+23
488,1.67256954019e-27,3.48833108767e+15,1.70364876671e+18,1.0840324593942222e+25
489,1.67257103021e-27,3.48832953388e+15,1.70713709624e+18,2.190997634151606e+25
490,1.67257404177e-27,3.48832639341e+15,1.71062542264e+18,2.7801029247253624e+25
491,1.67257786309e-27,3.48832240854e+15,1.71411374504e+18,9.552805207725352e+24
492,1.67257917615e-27,3.48832103928e+15,1.71760206608e+18,1.2655195851878832e+24
493,1.6725793501e-27,3.48832085789e+15,1.72109038694e+18,1.2227950802838795e+25
494,1.67257766933e-27,3.48832261059e+15,1.72457870955e+18,1.694839923877193e+25
495,1.67257533973e-27,3.48832503989e+15,1.72806703459e+18,2.962682660311136e+25
496,1.67257126747e-27,3.48832928646e+15,1.73155536388e+18,1.0858626819225016e+25
497,1.67256977494e-27,3.48833084288e+15,1.73504369472e+18,2.3094039734334795e+24
498,1.67256945751e-27,3.4883311739e+15,1.7385320259e+18,1.3268496692247118e+25
499,1.67257128128e-27,3.48832927206e+15,1.74202035517e+18,1.3920730505882136e+25
500,1.67257319471e-27,3.48832727673e+15,1.74550868244e+18,2.8587653932486096e+25
501,1.67257712414e-27,3.48832317911e+15,1.74899700562e+18,1.378874145929507e+25
502,1.67257901944e-27,3.48832120269e+15,1.75248532683e+18,2.814098868322437e+24
503,1.67257940625e-27,3.48832079933e+15,1.75597364763e+18,1.3174734910681127e+25
504,1.67257759535e-27,3.48832268774e+15,1.75946197031e+18,1.3465890323949592e+25
505,1.67257574443e-27,3.48832461788e+15,1.76295029493e+18,2.5056110454554083e+25
506,1.67257230041e-27,3.4883282093e+15,1.76643862314e+18,1.7493219985496302e+25
507,1.67256989594e-27,3.48833071669e+15,1.76992695386e+18,3.0579455229545775e+24
508,1.67256947562e-27,3.488331155e+15,1.77341528501e+18,1.174960752030309e+25
509,1.67257109062e-27,3.48832947087e+15,1.77690361448e+18,1.5192843282600964e+25
510,1.67257317891e-27,3.4883272932e+15,1.78039194178e+18,2.0337748683184678e+25
511,1.67257597437e-27,3.48832437809e+15,1.78388026615e+18,2.0720475222737024e+25
512,1.67257882246e-27,3.48832140811e+15,1.78736858756e+18,3.5304889812634906e+24
513,1.67257930773e-27,3.48832090207e+15,1.79085690846e+18,9.367196569951601e+24
514,1.67257802018e-27,3.48832224472e+15,1.79434523071e+18,1.7915041743302574e+25
515,1.67257555772e-27,3.48832481258e+15,1.79783355552e+18,1.6141846183425972e+25
516,1.67257333899e-27,3.48832712627e+15,1.80132188265e+18,2.23240004948635e+25
517,1.67257027052e-27,3.48833032608e+15,1.80481021297e+18,4.664790222818107e+24
518,1.67256962933e-27,3.48833099471e+15,1.80829854397e+18,6.72094880959342e+24
519,1.67257055314e-27,3.48833003137e+15,1.811786874e+18,2.017595635214293e+25
520,1.67257332636e-27,3.48832713944e+15,1.81527520114e+18,1.390665681650378e+25
521,1.67257523786e-27,3.48832514613e+15,1.81876352629e+18,2.174113171462423e+25
522,1.67257822623e-27,3.48832202986e+15,1.82225184832e+18,6.579189892385458e+24
523,1.67257913056e-27,3.48832108683e+15,1.8257401694e+18,4.472039304688409e+24
524,1.67257851586e-27,3.48832172783e+15,1.82922849113e+18,2.0831277010877454e+25
525,1.67257565255e-27,3.48832471369e+15,1.83271681584e+18,1.4252013672266383e+25
526,1.67257369358e-27,3.4883267565e+15,1.8362051426e+18,1.9247891652609052e+25
527,1.67257104792e-27,3.4883295154e+15,1.83969347212e+18,8.965450460114569e+24
528,1.67256981561e-27,3.48833080046e+15,1.84318180292e+18,2.9699919900942407e+24
529,1.67257022384e-27,3.48833037476e+15,1.84667013329e+18,1.9459315824978645e+25
530,1.67257289855e-27,3.48832758556e+15,1.85015846088e+18,1.6771115950701797e+25
531,1.67257520378e-27,3.48832518166e+15,1.85364678606e+18,1.5869590470048289e+25
532,1.67257738509e-27,3.48832290699e+15,1.85713510897e+18,1.1186191953661563e+25
533,1.67257892266e-27,3.48832130362e+15,1.86062343027e+18,2.156074063232236e+24
534,1.6725786263e-27,3.48832161266e+15,1.86411175188e+18,1.6447251978017172e+25
535,1.67257636559e-27,3.48832397013e+15,1.86760007585e+18,2.023113832244615e+25
536,1.67257358477e-27,3.48832686996e+15,1.87108840272e+18,1.298484470824069e+25
537,1.67257179998e-27,3.48832873115e+15,1.87457673145e+18,1.2550190148412915e+25
538,1.67257007494e-27,3.48833053003e+15,1.87806506198e+18,1.6726821450106025e+24
539,1.67257030485e-27,3.48833029028e+15,1.88155339227e+18,1.2756087590229836e+25
540,1.6725720582e-27,3.48832846188e+15,1.88504172074e+18,2.3087429738761692e+25
541,1.67257523161e-27,3.48832515264e+15,1.88853004589e+18,1.1776196402023068e+25
542,1.67257685028e-27,3.4883234647e+15,1.89201836935e+18,1.2638689351302749e+25
543,1.6725785875e-27,3.48832165313e+15,1.89550669101e+18,1.0992613173746158e+24
544,1.6725784364e-27,3.48832181069e+15,1.89899501282e+18,9.482413890851255e+24
545,1.67257713302e-27,3.48832316985e+15,1.90248333599e+18,2.409421886316329e+25
546,1.67257382121e-27,3.48832662341e+15,1.90597166261e+18,1.275653466089624e+25
547,1.6725720678e-27,3.48832845187e+15,1.90945999106e+18,1.1535025522821578e+25
548,1.6725704823e-27,3.48833010524e+15,1.91294832117e+18,1.8788324387839045e+23
549,1.67257050812e-27,3.48833007831e+15,1.91643665125e+18,7.419100347794087e+24
550,1.67257152789e-27,3.48832901489e+15,1.91992498026e+18,2.276851790225023e+25
551,1.67257465746e-27,3.48832575136e+15,1.92341330601e+18,1.5561310342003813e+25
552,1.6725767964e-27,3.48832352088e+15,1.92690162953e+18,9.837611810038503e+24
553,1.67257814861e-27,3.4883221108e+15,1.93038995164e+18,1.019475373131783e+24
554,1.67257828874e-27,3.48832196467e+15,1.93387827361e+18,6.785517996977868e+24
555,1.67257735605e-27,3.48832293728e+15,1.93736659654e+18,1.953069167162743e+25
556,1.67257467151e-27,3.48832573672e+15,1.94085492228e+18,1.9094388596720126e+25
557,1.67257204695e-27,3.48832847361e+15,1.94434325076e+18,8.442025290878962e+24
558,1.67257088658e-27,3.48832968365e+15,1.94783158044e+18,2.241278306999397e+24
559,1.67257057851e-27,3.48833000491e+15,1.95131991044e+18,7.222110855954534e+24
560,1.6725715712e-27,3.48832896972e+15,1.95480823941e+18,1.5487528278192856e+25
561,1.67257369999e-27,3.48832674982e+15,1.95829656616e+18,2.1964403838786067e+25
562,1.67257671905e-27,3.48832360154e+15,1.96178488976e+18,8.171818095025122e+24
563,1.67257784228e-27,3.48832243023e+15,1.9652732122e+18,3.138452519950063e+24
564,1.67257827367e-27,3.48832198038e+15,1.96876153418e+18,8.016844073082693e+24
565,1.67257717174e-27,3.48832312948e+15,1.9722498573e+18,1.1961049842312125e+25
566,1.67257552766e-27,3.48832484392e+15,1.97573818215e+18,2.3036212243133995e+25
567,1.67257236129e-27,3.48832814582e+15,1.97922651029e+18,9.419084501237554e+24
568,1.67257106662e-27,3.48832949591e+15,1.98271483979e+18,3.5275223678755754e+24
569,1.67257058176e-27,3.48833000152e+15,1.98620316979e+18,8.445870058637344e+24
570,1.67257174265e-27,3.48832879093e+15,1.98969149858e+18,9.968029130931116e+24
571,1.67257311278e-27,3.48832736216e+15,1.99317982595e+18,2.1872167979623226e+25
572,1.67257611915e-27,3.48832422711e+15,1.99666815017e+18,1.1949319537948385e+25
573,1.67257776162e-27,3.48832251435e+15,2.00015647269e+18,3.510199664770812e+24
574,1.6725782441e-27,3.48832201122e+15,2.0036447947e+18,8.069191581775591e+24
575,1.67257713497e-27,3.48832316782e+15,2.00713311787e+18,9.85428625744829e+24
576,1.67257578048e-27,3.48832458028e+15,2.01062144245e+18,1.889084796114719e+25
577,1.67257318389e-27,3.48832728801e+15,2.01410976973e+18,1.4966445398475154e+25
578,1.67257112673e-27,3.48832943323e+15,2.01759809917e+18,3.4501673988920944e+24
579,1.67257065249e-27,3.48832992776e+15,2.0210864291e+18,6.865507827742567e+24
580,1.67257159617e-27,3.48832894369e+15,2.02457475804e+18,1.1219606826450648e+25
581,1.67257313832e-27,3.48832733552e+15,2.02806308537e+18,1.5183992027690259e+25
582,1.67257522539e-27,3.48832515912e+15,2.03155141053e+18,1.741666144582203e+25
583,1.67257761936e-27,3.4883226627e+15,2.0350397332e+18,3.802237735534309e+24
584,1.67257814198e-27,3.48832211771e+15,2.03852805531e+18,5.166045867538166e+24
585,1.6725774319e-27,3.48832285818e+15,2.04201637817e+18,1.313748258142184e+25
586,1.67257562612e-27,3.48832474125e+15,2.04550470291e+18,1.2073910731283246e+25
587,1.67257396653e-27,3.48832647186e+15,2.04899302939e+18,1.841404016963539e+25
588,1.67257143549e-27,3.48832911124e+15,2.0524813585e+18,4.876834916483142e+24
589,1.67257076516e-27,3.48832981027e+15,2.05596968831e+18,3.4459034154638573e+24
590,1.67257123881e-27,3.48832931635e+15,2.05945801762e+18,1.4562049455400588e+25
591,1.67257324039e-27,3.48832722909e+15,2.06294634485e+18,1.0593949751988844e+25
592,1.67257469655e-27,3.48832571061e+15,2.06643467056e+18,1.7607775215861282e+25
593,1.67257711678e-27,3.48832318679e+15,2.06992299375e+18,6.654476824974753e+24
594,1.67257803145e-27,3.48832223297e+15,2.07341131598e+18,2.0818945585940276e+24
595,1.67257774529e-27,3.48832253138e+15,2.07689963851e+18,1.474235452238538e+25
596,1.67257571892e-27,3.48832464448e+15,2.08038796316e+18,1.1100042020825155e+25
597,1.67257419319e-27,3.48832623551e+15,2.08387628939e+18,1.534062365483329e+25
598,1.67257208459e-27,3.48832843436e+15,2.08736461783e+18,8.748725672427964e+24
599,1.67257088207e-27,3.48832968836e+15,2.09085294752e+18,1.1944636382634132e+24
600,1.67257104625e-27,3.48832951715e+15,2.09434127703e+18,1.3482454218359703e+25
601,1.67257289943e-27,3.48832758464e+15,2.09782960462e+18,1.316247767886381e+25
602,1.67257470864e-27,3.48832569799e+15,2.10131793032e+18,1.2524536209350707e+25
603,1.67257643017e-27,3.48832390278e+15,2.10480625422e+18,1.0544470486551742e+25
604,1.67257787953e-27,3.48832239139e+15,2.10829457661e+18,6.35927113651993e+23
605,1.67257779212e-27,3.48832248254e+15,2.11178289909e+18,1.1154617155992547e+25
606,1.67257625889e-27,3.48832408139e+15,2.11527122317e+18,1.5768596221797944e+25
607,1.67257409146e-27,3.48832634159e+15,2.11875954952e+18,1.0284585972098776e+25
608,1.67257267783e-27,3.48832781573e+15,2.12224787733e+18,1.1460656252506378e+25
609,1.67257110254e-27,3.48832945844e+15,2.12573620679e+18,1.1563756013725857e+23
610,1.67257111844e-27,3.48832944187e+15,2.12922453623e+18,8.488858259007014e+24
611,1.67257228524e-27,3.48832822512e+15,2.13271286446e+18,1.7743496284152154e+25
612,1.67257472412e-27,3.48832568185e+15,2.13620119014e+18,9.51177554452269e+24
613,1.67257603154e-27,3.48832431848e+15,2.13968951446e+18,1.1219439894452113e+25
614,1.67257757368e-27,3.48832271034e+15,2.14317783717e+18,6.143741733138299e+23
615,1.67257765812e-27,3.48832262227e+15,2.14666615979e+18,6.242556281047938e+24
616,1.67257680007e-27,3.48832351705e+15,2.15015448331e+18,1.8211478758622514e+25
617,1.67257429686e-27,3.4883261274e+15,2.15364280943e+18,1.0509047379791182e+25
618,1.67257285237e-27,3.48832763372e+15,2.15713113707e+18,1.0001380998206972e+25
619,1.67257147766e-27,3.48832906727e+15,2.16061946614e+18,1.6124021378205127e+24
620,1.67257125604e-27,3.48832929838e+15,2.16410779543e+18,4.900676439932195e+24
621,1.67257192964e-27,3.48832859594e+15,2.16759612403e+18,1.6915961286226329e+25
622,1.67257425477e-27,3.48832617129e+15,2.1710844502e+18,1.2872213259651558e+25
623,1.67257602409e-27,3.48832432625e+15,2.17457277453e+18,8.405035538419355e+24
624,1.67257717938e-27,3.48832312151e+15,2.17806109765e+18,2.7134840100867145e+24
625,1.67257755235e-27,3.48832273257e+15,2.18154942038e+18,4.5222629136013043e+24
626,1.67257693076e-27,3.48832338077e+15,2.18503774376e+18,1.4278128582300936e+25
627,1.6725749682e-27,3.48832542733e+15,2.18852606919e+18,1.565443778830725e+25
628,1.67257281646e-27,3.48832767116e+15,2.19201439686e+18,7.221132691319661e+24
629,1.6725718239e-27,3.4883287062e+15,2.19550272557e+18,3.6237912794180337e+24
630,1.67257132581e-27,3.48832922562e+15,2.19899105479e+18,4.7820479779711774e+24
631,1.67257198311e-27,3.48832854019e+15,2.20247938333e+18,1.1189444800976858e+25
632,1.67257352112e-27,3.48832693634e+15,2.20596771027e+18,1.7744360908592029e+25
633,1.67257596012e-27,3.48832439295e+15,2.20945603466e+18,7.107567592917816e+24
634,1.67257693707e-27,3.48832337419e+15,2.21294435804e+18,4.091515892473067e+24
635,1.67257749946e-27,3.48832278773e+15,2.21643268082e+18,5.164026064915426e+24
636,1.67257678965e-27,3.48832352792e+15,2.21992100435e+18,8.634311098859146e+24
637,1.67257560285e-27,3.48832476552e+15,2.22340932912e+18,1.8304731920309281e+25
638,1.67257308682e-27,3.48832738923e+15,2.22689765651e+18,8.304880128648176e+24
639,1.6725719453e-27,3.48832857961e+15,2.23038598509e+18,4.0652932437027086e+24
640,1.67257138652e-27,3.48832916231e+15,2.23387431425e+18,5.208080536667431e+24
641,1.67257210238e-27,3.48832841581e+15,2.23736264266e+18,7.30594572563558e+24
642,1.6725731066e-27,3.48832736861e+15,2.24085097003e+18,1.709414658668116e+25
643,1.67257545622e-27,3.48832491842e+15,2.24433929495e+18,1.0514006838083829e+25
644,1.6725769014e-27,3.48832341139e+15,2.24782761836e+18,3.7545236965911913e+24
645,1.67257741746e-27,3.48832287323e+15,2.25131594124e+18,4.695162983911939e+24
646,1.6725767721e-27,3.48832354622e+15,2.25480426478e+18,7.364929125311768e+24
647,1.67257575978e-27,3.48832460187e+15,2.25829258938e+18,1.4546913755327933e+25
648,1.67257376027e-27,3.48832668696e+15,2.26178091607e+18,1.2996872973473485e+25
649,1.67257197383e-27,3.48832854986e+15,2.26526924462e+18,3.5558862807148454e+24
650,1.67257148506e-27,3.48832905955e+15,2.26875757368e+18,3.6994834433261235e+24
651,1.67257199356e-27,3.48832852928e+15,2.27224590221e+18,8.426997752507156e+24
652,1.67257315187e-27,3.4883273214e+15,2.27573422953e+18,1.1584955597892965e+25
653,1.67257474425e-27,3.48832566087e+15,2.27922255519e+18,1.4862339423216735e+25
654,1.67257678711e-27,3.48832353057e+15,2.28271087872e+18,3.8732439286718756e+24
655,1.6725773195e-27,3.48832297539e+15,2.2861992017e+18,2.4996659771203503e+24
656,1.67257697591e-27,3.48832333369e+15,2.28968752503e+18,9.764029478606807e+24
657,1.67257563382e-27,3.48832473322e+15,2.29317584976e+18,9.244203529593171e+24
658,1.67257436319e-27,3.48832605824e+15,2.29666417582e+18,1.5425175617255318e+25
659,1.67257224297e-27,3.48832826921e+15,2.30015250409e+18,4.915048350306551e+24
660,1.67257156738e-27,3.4883289737e+15,2.30364083307e+18,1.4087910886126514e+24
661,1.67257176102e-27,3.48832877178e+15,2.30712916184e+18,1.0621824728206538e+25
662,1.67257322101e-27,3.48832724929e+15,2.31061748909e+18,8.269969572037973e+24
663,1.67257435774e-27,3.48832606392e+15,2.31410581515e+18,1.448782451356839e+25
664,1.67257634912e-27,3.4883239873e+15,2.31759413914e+18,6.565732069889824e+24
665,1.6725772516e-27,3.4883230462e+15,2.32108246218e+18,6.117152581354443e+23
666,1.67257716752e-27,3.48832313388e+15,2.32457078532e+18,1.0515269233955652e+25
667,1.67257572217e-27,3.48832464109e+15,2.32805910996e+18,8.841860839284878e+24
668,1.67257450683e-27,3.48832590844e+15,2.33154743587e+18,1.242975467409562e+25
669,1.67257279834e-27,3.48832769006e+15,2.33503576356e+18,8.400282444809486e+24
670,1.67257164371e-27,3.48832889412e+15,2.33852409245e+18,8.874499312800144e+22
671,1.6725716559e-27,3.4883288814e+15,2.34201242133e+18,9.38703907878343e+24
672,1.67257294617e-27,3.4883275359e+15,2.34550074887e+18,1.053220737820869e+25
673,1.67257439384e-27,3.48832602627e+15,2.3489890749e+18,1.0062850068548406e+25
674,1.672575777e-27,3.48832458391e+15,2.35247739948e+18,9.844183674822651e+24
675,1.67257713011e-27,3.48832317289e+15,2.35596572265e+18,3.451483765322298e+23
676,1.67257717755e-27,3.48832312342e+15,2.35945404578e+18,7.577214485538245e+24
677,1.67257613604e-27,3.4883242095e+15,2.36294236999e+18,1.2503047748137324e+25
678,1.67257441747e-27,3.48832600163e+15,2.36643069599e+18,8.312100563133439e+24
679,1.67257327496e-27,3.48832719304e+15,2.36991902318e+18,1.0417046706425168e+25
680,1.67257184312e-27,3.48832868617e+15,2.37340735187e+18,9.139520873245752e+23
681,1.67257171749e-27,3.48832881717e+15,2.37689568068e+18,5.638595010974806e+24
682,1.67257249253e-27,3.48832800896e+15,2.38038400869e+18,1.3853050472140832e+25
683,1.67257439665e-27,3.48832602333e+15,2.38387233472e+18,7.849191692263678e+24
684,1.67257547554e-27,3.48832489827e+15,2.38736065961e+18,9.952289552418996e+24
685,1.67257684351e-27,3.48832347175e+15,2.39084898309e+18,1.737944392638245e+24
686,1.67257708239e-27,3.48832322265e+15,2.39433730631e+18,4.08772287386374e+24
687,1.67257652053e-27,3.48832380856e+15,2.39782563012e+18,1.3968563676860371e+25
688,1.67257460051e-27,3.48832581075e+15,2.40131395593e+18,8.828574165031869e+24
689,1.67257338701e-27,3.48832707619e+15,2.404802283e+18,8.695385476073727e+24
690,1.67257219181e-27,3.48832832255e+15,2.40829061133e+18,2.7510604407441936e+24
691,1.67257181368e-27,3.48832871687e+15,2.41177894004e+18,3.204029363797519e+24
692,1.67257225407e-27,3.48832825762e+15,2.4152672683e+18,1.2741478751835496e+25
693,1.67257400541e-27,3.48832643132e+15,2.41875559473e+18,1.083098078039091e+25
694,1.67257549416e-27,3.48832487886e+15,2.42224391961e+18,7.227683118635896e+24
695,1.67257648762e-27,3.48832384288e+15,2.42573224345e+18,3.7222551365396786e+24
696,1.67257699925e-27,3.48832330935e+15,2.42922056676e+18,2.9534485789702595e+24
697,1.67257659329e-27,3.48832373268e+15,2.4327088905e+18,1.0574664133768946e+25
698,1.67257513978e-27,3.4883252484e+15,2.43619721574e+18,1.3035743965575055e+25
699,1.67257334799e-27,3.48832711688e+15,2.43968554286e+18,6.24245322320083e+24
700,1.67257248995e-27,3.48832801165e+15,2.44317387087e+18,4.372329610354371e+24
701,1.67257188897e-27,3.48832863835e+15,2.44666219951e+18,3.0552214334156066e+24
702,1.67257230891e-27,3.48832820043e+15,2.45015052771e+18,8.188753508849183e+24
703,1.67257343447e-27,3.4883270267e+15,2.45363885474e+18,1.4549141778202816e+25
704,1.67257543428e-27,3.48832494129e+15,2.45712717968e+18,6.260798998689313e+24
705,1.67257629485e-27,3.4883240439e+15,2.46061550372e+18,4.5275981599212735e+24
706,1.67257691717e-27,3.48832339494e+15,2.46410382712e+18,3.1441102779196434e+24
707,1.67257648501e-27,3.4883238456e+15,2.46759215096e+18,6.318674469065229e+24
708,1.67257561649e-27,3.48832475129e+15,2.47108047572e+18,1.4755258389495412e+25
709,1.67257358835e-27,3.48832686623e+15,2.47456880258e+18,7.408191424011546e+24
710,1.67257257008e-27,3.48832792809e+15,2.47805713051e+18,4.233103628063627e+24
711,1.67257198823e-27,3.48832853484e+15,2.48154545904e+18,2.9458748444067606e+24
712,1.67257239315e-27,3.48832811259e+15,2.48503378716e+18,5.430259896122366e+24
713,1.67257313955e-27,3.48832733425e+15,2.48852211449e+18,1.3548768293758723e+25
714,1.67257500185e-27,3.48832539223e+15,2.49201043988e+18,9.346829212841333e+24
715,1.6725762866e-27,3.4883240525e+15,2.49549876394e+18,3.763119454071093e+24
716,1.67257680385e-27,3.48832351311e+15,2.49898708745e+18,2.384741890776535e+24
717,1.67257647606e-27,3.48832385493e+15,2.5024754113e+18,5.565985031778708e+24
718,1.672575711e-27,3.48832465273e+15,2.50596373596e+18,1.1360331919756814e+25
719,1.6725741495e-27,3.48832628107e+15,2.50945206224e+18,1.139838556736157e+25
720,1.67257258277e-27,3.48832791486e+15,2.51294039015e+18,3.5169922697548667e+24
721,1.67257209935e-27,3.48832841897e+15,2.51642871857e+18,1.5826859609984583e+24
722,1.67257231689e-27,3.48832819211e+15,2.51991704676e+18,6.371898819743021e+24
723,1.67257319272e-27,3.4883272788e+15,2.52340537404e+18,8.971023323466706e+24
724,1.67257442581e-27,3.48832599293e+15,2.52689370004e+18,1.2809394705410092e+25
725,1.67257618649e-27,3.48832415689e+15,2.53038202419e+18,3.8412227855075334e+24
726,1.67257671447e-27,3.48832360631e+15,2.5338703478e+18,7.626405218411425e+23
727,1.67257660965e-27,3.48832371562e+15,2.53735867151e+18,7.277520582360534e+24
728,1.67257560933e-27,3.48832475875e+15,2.54084699627e+18,7.196175811065206e+24
729,1.6725746202e-27,3.48832579022e+15,2.54433532206e+18,1.3053768638272788e+25
730,1.67257282594e-27,3.48832766128e+15,2.54782364972e+18,4.858975028108114e+24
731,1.67257215806e-27,3.48832835774e+15,2.55131197808e+18,1.1353132395886513e+23
732,1.67257217367e-27,3.48832834147e+15,2.55480030642e+18,7.743531194021574e+24
733,1.67257323803e-27,3.48832723155e+15,2.55828863366e+18,6.569375118004334e+24
734,1.672574141e-27,3.48832628993e+15,2.56177695995e+18,1.2046996720277362e+25
735,1.67257579689e-27,3.48832456317e+15,2.56526528451e+18,6.387104706825948e+24
736,1.67257667481e-27,3.48832364767e+15,2.56875360816e+18,3.125008984304504e+23
737,1.67257671777e-27,3.48832360288e+15,2.57224193176e+18,7.469300603900039e+24
738,1.67257569109e-27,3.48832467349e+15,2.57573025643e+18,7.150791050655271e+24
739,1.6725747082e-27,3.48832569845e+15,2.57921858213e+18,1.018489066174623e+25
740,1.67257330827e-27,3.48832715831e+15,2.58270690929e+18,7.986945382441331e+24
741,1.67257221045e-27,3.48832830312e+15,2.58619523759e+18,6.200137627867596e+23
742,1.67257212523e-27,3.48832839199e+15,2.58968356598e+18,6.481563480960727e+24
743,1.67257301613e-27,3.48832746295e+15,2.59317189345e+18,8.530410078891882e+24
744,1.67257418865e-27,3.48832624024e+15,2.59666021969e+18,8.188702471024131e+24
745,1.6725753142e-27,3.48832506651e+15,2.60014854475e+18,9.133793871275291e+24
746,1.67257656967e-27,3.48832375732e+15,2.60363686851e+18,1.0011791743628373e+24
747,1.67257670728e-27,3.48832361381e+15,2.60712519213e+18,5.079129564020379e+24
748,1.67257600914e-27,3.48832434183e+15,2.61061351647e+18,1.0014218724335609e+25
749,1.67257463267e-27,3.48832577722e+15,2.61410184224e+18,6.820185262826804e+24
750,1.67257369522e-27,3.48832675479e+15,2.617590169e+18,9.438176646318673e+24
751,1.67257239792e-27,3.48832810762e+15,2.62107849711e+18,1.6166578954176779e+24
752,1.67257217571e-27,3.48832833934e+15,2.62456682545e+18,3.6742163067688825e+24
753,1.67257268074e-27,3.4883278127e+15,2.62805515326e+18,1.091048480005752e+25
754,1.6725741804e-27,3.48832624884e+15,2.63154347951e+18,6.581270817957358e+24
755,1.67257508501e-27,3.48832530551e+15,2.63503180481e+18,8.822313040832532e+24
756,1.67257629766e-27,3.48832404096e+15,2.63852012885e+18,2.4901502993015e+24
757,1.67257663994e-27,3.48832368404e+15,2.64200845254e+18,2.607263272797408e+24
758,1.67257628156e-27,3.48832405775e+15,2.6454967766e+18,1.0796217029159976e+25
759,1.6725747976e-27,3.48832560523e+15,2.6489851022e+18,7.519881958177046e+24
760,1.67257376398e-27,3.48832668309e+15,2.65247342888e+18,7.573921975763277e+24
761,1.67257272293e-27,3.4883277687e+15,2.65596175665e+18,3.473809002058676e+24
762,1.67257224544e-27,3.48832826662e+15,2.65945008492e+18,2.0182821566597632e+24
763,1.67257252286e-27,3.48832797733e+15,2.6629384129e+18,9.660846159040524e+24
764,1.67257385076e-27,3.48832659259e+15,2.66642673949e+18,9.21819718886212e+24
765,1.67257511782e-27,3.4883252713e+15,2.66991506476e+18,6.246318857218296e+24
766,1.67257597639e-27,3.48832437598e+15,2.67340338914e+18,4.3057860829277163e+24
767,1.67257656823e-27,3.48832375881e+15,2.6768917129e+18,1.8222123248649742e+24
768,1.67257631777e-27,3.48832402e+15,2.68038003692e+18,7.877383002901469e+24
769,1.672575235e-27,3.4883251491e+15,2.68386836206e+18,1.096543326345373e+25
770,1.67257372778e-27,3.48832672084e+15,2.68735668879e+18,5.442488982861804e+24
771,1.6725729797e-27,3.48832750094e+15,2.69084501629e+18,4.7360592253824353e+24
772,1.67257232872e-27,3.48832817978e+15,2.69433334447e+18,1.7871086828686075e+24
773,1.67257257436e-27,3.48832792363e+15,2.69782167239e+18,6.026466217667449e+24
774,1.67257340271e-27,3.48832705982e+15,2.70130999945e+18,1.204236660925985e+25
775,1.67257505796e-27,3.48832533373e+15,2.70479832478e+18,5.56888170703131e+24
776,1.67257582341e-27,3.48832453551e+15,2.70828664932e+18,4.659921871542259e+24
777,1.67257646393e-27,3.48832386758e+15,2.71177497319e+18,1.6667429454967246e+24
778,1.67257623483e-27,3.48832410648e+15,2.71526329729e+18,4.6531064733399444e+24
779,1.67257559525e-27,3.48832477343e+15,2.71875162207e+18,1.200169912686474e+25
780,1.67257394559e-27,3.4883264937e+15,2.72223994856e+18,6.662651117917796e+24
781,1.6725730298e-27,3.48832744869e+15,2.72572827601e+18,4.1933474167316664e+24
782,1.67257245342e-27,3.48832804975e+15,2.72921660406e+18,1.3206151843882206e+24
783,1.67257263494e-27,3.48832786046e+15,2.73270493192e+18,4.059958487104206e+24
784,1.67257319299e-27,3.48832727852e+15,2.7361932592e+18,1.08330399292287e+25
785,1.67257468201e-27,3.48832572577e+15,2.73968158492e+18,8.365523835858502e+24
786,1.67257583187e-27,3.48832452669e+15,2.74316990945e+18,3.647130412493806e+24
787,1.67257633318e-27,3.48832400393e+15,2.74665823345e+18,7.656580028250688e+23
788,1.67257622793e-27,3.48832411368e+15,2.75014655757e+18,4.215381269054119e+24
789,1.67257564852e-27,3.48832471789e+15,2.75363488229e+18,8.950558855389911e+24
790,1.67257441825e-27,3.48832600082e+15,2.75712320829e+18,1.0059340663131709e+25
791,1.67257303557e-27,3.48832744268e+15,2.76061153573e+18,3.4050282351573063e+24
792,1.67257256754e-27,3.48832793074e+15,2.76409986366e+18,1.4204085552047893e+23
793,1.67257258707e-27,3.48832791038e+15,2.76758819157e+18,4.803791129823986e+24
794,1.67257324736e-27,3.48832722182e+15,2.77107651879e+18,7.015081973875537e+24
795,1.67257421159e-27,3.48832621632e+15,2.77456484501e+18,1.1109413442675447e+25
796,1.67257573861e-27,3.48832462395e+15,2.77805316963e+18,3.7548833917696e+24
797,1.67257625472e-27,3.48832408574e+15,2.78154149372e+18,3.824319141380038e+23
798,1.67257630729e-27,3.48832403092e+15,2.78502981775e+18,5.38334733703716e+24
799,1.67257556734e-27,3.48832480255e+15,2.78851814255e+18,5.667196746959704e+24
800,1.67257478837e-27,3.48832561486e+15,2.79200646817e+18,1.1118225754340542e+25
801,1.67257326014e-27,3.48832720849e+15,2.79549479537e+18,4.7485975500988675e+24
802,1.67257260744e-27,3.48832788913e+15,2.79898312326e+18,7.156791626756167e+23
803,1.67257250907e-27,3.48832799171e+15,2.80247145126e+18,5.576898141581271e+24
804,1.67257327562e-27,3.48832719235e+15,2.80595977845e+18,5.281545936732335e+24
805,1.67257400158e-27,3.48832643531e+15,2.80944810488e+18,1.0085180013430548e+25
806,1.67257538781e-27,3.48832498975e+15,2.81293642987e+18,6.156187131012394e+24
807,1.672576234e-27,3.48832410735e+15,2.81642475398e+18,8.979609268967546e+23
808,1.67257635742e-27,3.48832397864e+15,2.81991307796e+18,5.213474699020818e+24
809,1.67257564082e-27,3.48832472592e+15,2.82340140268e+18,5.837745485335772e+24
810,1.67257483841e-27,3.48832556267e+15,2.82688972825e+18,8.40798462267038e+24
811,1.67257368271e-27,3.48832676783e+15,2.83037805502e+18,7.541854835962035e+24
812,1.67257264607e-27,3.48832784885e+15,2.83386638286e+18,1.082626732709402e+24
813,1.67257249726e-27,3.48832800403e+15,2.83735471087e+18,4.368166591444523e+24
814,1.67257309767e-27,3.48832737791e+15,2.84084303825e+18,6.953370376199679e+24
815,1.67257405343e-27,3.48832638125e+15,2.84433136463e+18,6.724542443141407e+24
816,1.67257497773e-27,3.48832541739e+15,2.84781969004e+18,8.43496814793193e+24
817,1.67257613714e-27,3.48832420836e+15,2.85130801425e+18,1.4509547106888658e+24
818,1.67257633657e-27,3.48832400039e+15,2.85479633825e+18,3.2942542416844153e+24
819,1.67257588377e-27,3.48832447257e+15,2.85828466273e+18,8.05602279834354e+24
820,1.67257477645e-27,3.48832562728e+15,2.86177298835e+18,5.660376367971702e+24
821,1.67257399842e-27,3.48832643861e+15,2.86526131479e+18,8.52751834588039e+24
822,1.6725728263e-27,3.48832766091e+15,2.86874964245e+18,2.1051802837553592e+24
823,1.67257253694e-27,3.48832796265e+15,2.87223797042e+18,2.2900885017777374e+24
824,1.67257285171e-27,3.4883276344e+15,2.87572629805e+18,8.618438558062669e+24
825,1.67257403633e-27,3.48832639908e+15,2.87921462445e+18,5.583621018747397e+24
826,1.67257480381e-27,3.48832559875e+15,2.88270295005e+18,7.812697478967857e+24
827,1.67257587769e-27,3.48832447891e+15,2.88619127453e+18,2.9954000257871787e+24
828,1.67257628941e-27,3.48832404957e+15,2.88967959858e+18,1.5650955278020047e+24
829,1.67257607429e-27,3.4883242739e+15,2.89316792285e+18,8.358563614857859e+24
830,1.67257492538e-27,3.48832547198e+15,2.89665624832e+18,6.465796978361762e+24
831,1.67257403664e-27,3.48832639875e+15,2.90014457472e+18,6.603736220108506e+24
832,1.67257312895e-27,3.4883273453e+15,2.90363290207e+18,3.921291415162047e+24
833,1.67257258996e-27,3.48832790736e+15,2.90712122997e+18,1.1647078048181736e+24
834,1.67257275005e-27,3.48832774042e+15,2.91060955771e+18,7.328564502773619e+24
835,1.67257375738e-27,3.48832668997e+15,2.9140978844e+18,7.902016082572943e+24
836,1.67257484352e-27,3.48832555734e+15,2.91758620996e+18,5.418974656482882e+24
837,1.67257558837e-27,3.48832478061e+15,2.92107453474e+18,4.612936478800004e+24
838,1.67257622243e-27,3.48832411941e+15,2.92456285886e+18,9.801917616186946e+23
839,1.6725760877e-27,3.48832425991e+15,2.92805118312e+18,5.864749300132849e+24
840,1.67257528158e-27,3.48832510053e+15,2.93153950822e+18,9.279058051333115e+24
841,1.67257400615e-27,3.48832643055e+15,2.93502783465e+18,4.777960359163315e+24
842,1.67257334941e-27,3.4883271154e+15,2.93851616177e+18,4.856986828560568e+24
843,1.67257268181e-27,3.48832781158e+15,2.94200448958e+18,8.292402641494307e+23
844,1.67257279579e-27,3.48832769272e+15,2.94549281727e+18,4.430588607808207e+24
845,1.67257340479e-27,3.48832705766e+15,2.94898114433e+18,1.0020612644300872e+25
846,1.67257478214e-27,3.48832562135e+15,2.95246946995e+18,4.990271647382402e+24
847,1.67257546806e-27,3.48832490607e+15,2.95595779486e+18,4.608853192366787e+24
848,1.67257610156e-27,3.48832424546e+15,2.9594461191e+18,5.6092142101855353e+23
849,1.67257602446e-27,3.48832432586e+15,2.96293444343e+18,3.4236698963060625e+24
850,1.67257555387e-27,3.48832481659e+15,2.96642276824e+18,9.80980852967601e+24
851,1.67257420549e-27,3.48832622268e+15,2.96991109447e+18,6.025308153031192e+24
852,1.6725733773e-27,3.48832708632e+15,2.97339942155e+18,4.036249785699501e+24
853,1.67257282251e-27,3.48832766486e+15,2.97688774922e+18,1.3169664638136616e+23
854,1.67257284061e-27,3.48832764598e+15,2.98037607686e+18,3.0284343946674863e+24
855,1.67257325688e-27,3.4883272119e+15,2.98386440408e+18,8.701781784080907e+24
856,1.67257445295e-27,3.48832596463e+15,2.98735273004e+18,7.517791042613358e+24
857,1.67257548629e-27,3.48832488706e+15,2.99084105493e+18,3.466842242064753e+24
858,1.67257596281e-27,3.48832439014e+15,2.99432937932e+18,3.831591502777365e+23
859,1.67257601548e-27,3.48832433522e+15,2.99781770365e+18,3.1690612312093784e+24
860,1.67257557989e-27,3.48832478946e+15,3.00130602844e+18,7.08557740991871e+24
861,1.67257460596e-27,3.48832580507e+15,3.00479435425e+18,8.909286751995969e+24
862,1.67257338136e-27,3.48832708209e+15,3.00828268133e+18,3.257667039182715e+24
863,1.67257293359e-27,3.48832754903e+15,3.01177100888e+18,8.439921453217572e+23
864,1.67257281758e-27,3.48832767e+15,3.01525933655e+18,3.5724714692922004e+24
865,1.67257330862e-27,3.48832715794e+15,3.01874766371e+18,5.517424580263901e+24
866,1.672574067e-27,3.4883263671e+15,3.02223599007e+18,9.668825726018326e+24
867,1.672575396e-27,3.48832498121e+15,3.02572431506e+18,3.639447246496871e+24
868,1.67257589625e-27,3.48832445955e+15,3.02921263952e+18,1.1354752630803225e+24
869,1.67257605233e-27,3.4883242968e+15,3.03270096381e+18,3.9035320249121143e+24
870,1.67257551578e-27,3.48832485631e+15,3.03618928867e+18,4.4968620564712125e+24
871,1.67257489767e-27,3.48832550087e+15,3.03967761417e+18,9.50387553679134e+24
872,1.67257359135e-27,3.48832686311e+15,3.04316594103e+18,4.6049450972568745e+24
873,1.67257295839e-27,3.48832752316e+15,3.04665426856e+18,1.241560258560914e+24
874,1.67257278773e-27,3.48832770112e+15,3.05014259626e+18,3.9092103313797965e+24
875,1.67257332506e-27,3.48832714079e+15,3.0536309234e+18,4.2778405929783777e+24
876,1.67257391306e-27,3.48832652763e+15,3.05711924992e+18,8.475721232540276e+24
877,1.67257507806e-27,3.48832531276e+15,3.06060757524e+18,5.893130082142787e+24
878,1.67257588809e-27,3.48832446807e+15,3.06409589971e+18,1.2661693695343376e+24
879,1.67257606213e-27,3.48832428658e+15,3.06758422399e+18,3.509639730177873e+24
880,1.67257557972e-27,3.48832478963e+15,3.07107254878e+18,4.7870496440561397e+24
881,1.67257492173e-27,3.48832547579e+15,3.07456087426e+18,6.973425886135291e+24
882,1.67257396322e-27,3.48832647533e+15,3.07804920073e+18,7.08240362311048e+24
883,1.67257298973e-27,3.48832749048e+15,3.08153752822e+18,1.3870717326499324e+24
884,1.67257279907e-27,3.4883276893e+15,3.08502585591e+18,2.8041847032939175e+24
885,1.67257318451e-27,3.48832728736e+15,3.0885141832e+18,5.675896235455455e+24
886,1.67257396467e-27,3.4883264738e+15,3.09200250967e+18,5.557608433054584e+24
887,1.67257472858e-27,3.4883256772e+15,3.09549083535e+18,7.757540495963717e+24
888,1.67257579487e-27,3.48832456527e+15,3.09897915992e+18,1.7639650652879656e+24
889,1.67257603733e-27,3.48832431244e+15,3.10246748423e+18,1.999334729261179e+24
890,1.67257576252e-27,3.48832459901e+15,3.10595580883e+18,6.476374227100245e+24
891,1.67257487232e-27,3.4883255273e+15,3.10944413436e+18,4.7384125486890564e+24
892,1.67257422102e-27,3.48832620649e+15,3.11293246056e+18,7.682992789706577e+24
893,1.67257316498e-27,3.48832730773e+15,3.11642078787e+18,2.4463628885498825e+24
894,1.67257282872e-27,3.48832765838e+15,3.11990911553e+18,1.3001538012177097e+24
895,1.67257300743e-27,3.48832747202e+15,3.123397443e+18,6.792260715143238e+24
896,1.67257394104e-27,3.48832649845e+15,3.1268857695e+18,4.7774666124607444e+24
897,1.67257459771e-27,3.48832581367e+15,3.13037409531e+18,6.908271939153416e+24
898,1.67257554727e-27,3.48832482347e+15,3.13386242014e+18,3.328555936525968e+24
899,1.67257600479e-27,3.48832434637e+15,3.13735074448e+18,8.179248938780317e+23
900,1.67257589236e-27,3.48832446361e+15,3.14083906895e+18,6.446317654379012e+24
901,1.6725750063e-27,3.4883253876e+15,3.14432739433e+18,5.592365916349285e+24
902,1.67257423762e-27,3.48832618918e+15,3.14781572052e+18,5.759320355511825e+24
903,1.67257344599e-27,3.48832701469e+15,3.15130404754e+18,4.1787503594060675e+24
904,1.67257287161e-27,3.48832761365e+15,3.15479237515e+18,5.350707824676687e+23
905,1.67257294516e-27,3.48832753696e+15,3.15828070269e+18,5.528875365174661e+24
906,1.67257370511e-27,3.48832674448e+15,3.16176902943e+18,6.799262855769209e+24
907,1.67257463968e-27,3.4883257699e+15,3.1652573552e+18,4.7150811985584753e+24
908,1.67257528778e-27,3.48832509407e+15,3.1687456803e+18,4.7339239799453814e+24
909,1.67257593847e-27,3.48832441553e+15,3.17223400471e+18,3.3726279315870414e+23
910,1.67257589211e-27,3.48832446387e+15,3.17572232918e+18,4.3357711790033477e+24
911,1.67257529615e-27,3.48832508534e+15,3.17921065426e+18,7.872563248314608e+24
912,1.67257421405e-27,3.48832621375e+15,3.18269898047e+18,4.218228345315062e+24
913,1.67257363425e-27,3.48832681837e+15,3.18618730729e+18,4.8206460527139455e+24
914,1.67257297164e-27,3.48832750934e+15,3.1896756348e+18,9.05119021691131e+22
915,1.67257298408e-27,3.48832749637e+15,3.1931639623e+18,3.231158152879176e+24
916,1.67257342821e-27,3.48832703323e+15,3.19665228933e+18,8.354612940388376e+24
917,1.67257457657e-27,3.48832583572e+15,3.20014061517e+18,4.4962889068228376e+24
918,1.67257519459e-27,3.48832519124e+15,3.20362894036e+18,4.4459737874748123e+24
919,1.6725758057e-27,3.48832455398e+15,3.20711726491e+18,2.7940781658661765e+23
920,1.67257584411e-27,3.48832451393e+15,3.21060558943e+18,2.4969030889746696e+24
921,1.6725755009e-27,3.48832487182e+15,3.2140939143e+18,8.030138451391879e+24
922,1.67257439714e-27,3.48832602283e+15,3.21758224032e+18,5.46728349502204e+24
923,1.67257364565e-27,3.48832680648e+15,3.22107056713e+18,3.8143235587916403e+24
924,1.67257312137e-27,3.48832735321e+15,3.22455889448e+18,7.461017442147282e+23
925,1.67257301881e-27,3.48832746015e+15,3.22804722194e+18,2.2319300078547423e+24
926,1.6725733256e-27,3.48832714024e+15,3.23153554908e+18,6.998070301668741e+24
927,1.67257428749e-27,3.48832613717e+15,3.23502387522e+18,6.769120006560549e+24
928,1.67257521792e-27,3.48832516691e+15,3.23851220039e+18,3.256182171395623e+24
929,1.67257566549e-27,3.48832470019e+15,3.24200052509e+18,1.2000383609925772e+24
930,1.67257583044e-27,3.48832452818e+15,3.24548884961e+18,2.3371477377773547e+24
931,1.6725755092e-27,3.48832486317e+15,3.24897717448e+18,5.616574169934549e+24
932,1.67257473719e-27,3.48832566823e+15,3.25246550015e+18,7.901999888286328e+24
933,1.67257365104e-27,3.48832680086e+15,3.25595382695e+18,3.095215756850576e+24
934,1.6725732256e-27,3.48832724452e+15,3.25944215419e+18,1.5139331224455048e+24
935,1.6725730175e-27,3.48832746152e+15,3.26293048165e+18,2.5835549503038997e+24
936,1.67257337262e-27,3.4883270912e+15,3.26641880874e+18,4.3498689807510986e+24
937,1.67257397052e-27,3.48832646771e+15,3.26990713521e+18,8.426125053452644e+24
938,1.6725751287e-27,3.48832525995e+15,3.27339546047e+18,3.508209869975475e+24
939,1.67257561092e-27,3.4883247571e+15,3.27688378523e+18,1.6210516520501124e+24
940,1.67257583373e-27,3.48832452475e+15,3.28037210975e+18,2.72530377927311e+24
941,1.67257545913e-27,3.48832491538e+15,3.28386043467e+18,3.5823247583765167e+24
942,1.67257496674e-27,3.48832542885e+15,3.2873487601e+18,8.135035516546203e+24
943,1.67257384856e-27,3.48832659489e+15,3.29083708669e+18,4.439466540553881e+24
944,1.67257323834e-27,3.48832723122e+15,3.29432541392e+18,1.5648386874839097e+24
945,1.67257302325e-27,3.48832745552e+15,3.29781374138e+18,2.604883690746511e+24
946,1.6725733813e-27,3.48832708215e+15,3.30130206846e+18,3.475974118206261e+24
947,1.67257385908e-27,3.48832658392e+15,3.30479039504e+18,7.134695597138991e+24
948,1.67257483976e-27,3.48832556126e+15,3.30827872061e+18,5.609323710799041e+24
949,1.67257561077e-27,3.48832475725e+15,3.31176704536e+18,1.4916569341513196e+24
950,1.6725758158e-27,3.48832454344e+15,3.31525536991e+18,2.205504940386758e+24
951,1.67257551265e-27,3.48832485957e+15,3.31874369477e+18,3.9247721882805334e+24
952,1.67257497318e-27,3.48832542213e+15,3.32223202019e+18,5.797727946268233e+24
953,1.67257417627e-27,3.48832625315e+15,3.32572034644e+18,6.618264902043651e+24
954,1.67257326658e-27,3.48832720178e+15,3.32920867364e+18,1.5868676583636767e+24
955,1.67257304846e-27,3.48832742923e+15,3.33269700107e+18,1.63428423448056e+24
956,1.6725732731e-27,3.48832719498e+15,3.33618532827e+18,4.617667680199793e+24
957,1.67257390781e-27,3.48832653311e+15,3.3396736548e+18,4.612855422632554e+24
958,1.67257454185e-27,3.48832587192e+15,3.34316198067e+18,7.105963220189722e+24
959,1.67257551858e-27,3.48832485339e+15,3.34665030553e+18,1.9825761927828324e+24
960,1.67257579109e-27,3.48832456921e+15,3.3501386301e+18,1.0516082501761971e+24
961,1.67257564655e-27,3.48832471995e+15,3.35362695482e+18,5.177075371879133e+24
962,1.67257493495e-27,3.488325462e+15,3.35711528028e+18,3.9916602954853184e+24
963,1.67257438628e-27,3.48832603415e+15,3.36060360631e+18,6.900789940477628e+24
964,1.67257343776e-27,3.48832702328e+15,3.36409193333e+18,2.681657308315723e+24
965,1.67257306916e-27,3.48832740765e+15,3.36758026074e+18,5.8581065683978384e+23
966,1.67257314968e-27,3.48832732368e+15,3.37106858807e+18,5.31204424059898e+24
967,1.67257387983e-27,3.48832656228e+15,3.37455691463e+18,4.1107450204699046e+24
968,1.67257444486e-27,3.48832597307e+15,3.3780452406e+18,6.09622877647594e+24
969,1.6725752828e-27,3.48832509926e+15,3.3815335657e+18,3.5368781173428993e+24
970,1.67257576895e-27,3.4883245923e+15,3.38502189029e+18,2.7487397583329638e+23
971,1.67257573117e-27,3.4883246317e+15,3.38851021492e+18,4.923027236787202e+24
972,1.67257505449e-27,3.48832533735e+15,3.39199854026e+18,4.851035946478008e+24
973,1.6725743877e-27,3.48832603267e+15,3.39548686629e+18,5.020920889564784e+24
974,1.67257369757e-27,3.48832675234e+15,3.39897519305e+18,4.3004606725963955e+24
975,1.67257310646e-27,3.48832736875e+15,3.40246352042e+18,6.105346640329954e+22
976,1.67257311485e-27,3.48832736e+15,3.40595184778e+18,4.1207826488371824e+24
977,1.67257368126e-27,3.48832676935e+15,3.40944017455e+18,5.85542229795307e+24
978,1.6725744861e-27,3.48832593006e+15,3.41292850048e+18,4.1117574693242705e+24
979,1.67257505127e-27,3.4883253407e+15,3.41641682582e+18,4.726160967901467e+24
980,1.67257570089e-27,3.48832466327e+15,3.41990515048e+18,1.635690253407954e+23
981,1.67257572337e-27,3.48832463983e+15,3.42339347512e+18,3.1590306338794474e+24
982,1.67257528916e-27,3.48832509263e+15,3.42688180021e+18,6.677474411766788e+24
983,1.67257437133e-27,3.48832604975e+15,3.43037012626e+18,3.7408882213387063e+24
984,1.67257385713e-27,3.48832658595e+15,3.43385845285e+18,4.6810211973645836e+24
985,1.67257321372e-27,3.4883272569e+15,3.4373467801e+18,4.8734943661380116e+23
986,1.67257314673e-27,3.48832732676e+15,3.44083510743e+18,2.3172052709096185e+24
987,1.67257346523e-27,3.48832699462e+15,3.44432343443e+18,6.958806741357565e+24
988,1.67257442174e-27,3.48832599718e+15,3.44781176042e+18,4.066495553887882e+24
989,1.67257498069e-27,3.48832541431e+15,3.45130008584e+18,4.2157089186145495e+24
990,1.67257556014e-27,3.48832481005e+15,3.45478841065e+18,9.229373146851774e+23
991,1.672575687e-27,3.48832467776e+15,3.45827673532e+18,1.7859763497731517e+24
992,1.67257544152e-27,3.48832493375e+15,3.46176506026e+18,6.563255719540943e+24
993,1.67257453938e-27,3.4883258745e+15,3.46525338613e+18,4.968600128080086e+24
994,1.67257385644e-27,3.48832658667e+15,3.46874171272e+18,3.5592270409317596e+24
995,1.67257336722e-27,3.48832709683e+15,3.47223003982e+18,1.3944982885406461e+24
996,1.67257317554e-27,3.48832729671e+15,3.47571836711e+18,1.6032236394840801e+24
997,1.67257339591e-27,3.48832706692e+15,3.47920669418e+18,5.617098768098895e+24
998,1.67257416799e-27,3.48832626179e+15,3.48269502044e+18,6.096108269403608e+24
999,1.67257500591e-27,3.488325388e+15,3.48618334583e+18,3.03466010876641e+24
1000,1.67257542303e-27,3.48832495303e+15,3.48967167078e+18,0.0
